-- MySQL dump 10.13  Distrib 8.0.22, for Linux (x86_64)
--
-- Host: localhost    Database: vk
-- ------------------------------------------------------
-- Server version	8.0.22-cluster

/*!40101 SET @OLD_CHARACTER_SET_CLIENT=@@CHARACTER_SET_CLIENT */;
/*!40101 SET @OLD_CHARACTER_SET_RESULTS=@@CHARACTER_SET_RESULTS */;
/*!40101 SET @OLD_COLLATION_CONNECTION=@@COLLATION_CONNECTION */;
/*!50503 SET NAMES utf8mb4 */;
/*!40103 SET @OLD_TIME_ZONE=@@TIME_ZONE */;
/*!40103 SET TIME_ZONE='+00:00' */;
/*!40014 SET @OLD_UNIQUE_CHECKS=@@UNIQUE_CHECKS, UNIQUE_CHECKS=0 */;
/*!40014 SET @OLD_FOREIGN_KEY_CHECKS=@@FOREIGN_KEY_CHECKS, FOREIGN_KEY_CHECKS=0 */;
/*!40101 SET @OLD_SQL_MODE=@@SQL_MODE, SQL_MODE='NO_AUTO_VALUE_ON_ZERO' */;
/*!40111 SET @OLD_SQL_NOTES=@@SQL_NOTES, SQL_NOTES=0 */;

--
-- Table structure for table `add_likes`
--

DROP TABLE IF EXISTS `add_likes`;
/*!40101 SET @saved_cs_client     = @@character_set_client */;
/*!50503 SET character_set_client = utf8mb4 */;
CREATE TABLE `add_likes` (
  `id` bigint unsigned NOT NULL AUTO_INCREMENT,
  `like_from_user_id` bigint unsigned NOT NULL,
  `like_to_post_id` bigint unsigned NOT NULL,
  `add_like_time` datetime DEFAULT CURRENT_TIMESTAMP,
  PRIMARY KEY (`id`),
  UNIQUE KEY `id` (`id`),
  KEY `like_from_user_id` (`like_from_user_id`),
  KEY `like_to_post_id` (`like_to_post_id`),
  CONSTRAINT `add_likes_ibfk_1` FOREIGN KEY (`like_from_user_id`) REFERENCES `users` (`id`),
  CONSTRAINT `add_likes_ibfk_2` FOREIGN KEY (`like_to_post_id`) REFERENCES `posts` (`id`)
) ENGINE=InnoDB AUTO_INCREMENT=101 DEFAULT CHARSET=utf8mb4 COLLATE=utf8mb4_0900_ai_ci;
/*!40101 SET character_set_client = @saved_cs_client */;

--
-- Dumping data for table `add_likes`
--

LOCK TABLES `add_likes` WRITE;
/*!40000 ALTER TABLE `add_likes` DISABLE KEYS */;
INSERT INTO `add_likes` VALUES (1,52,83,'1998-12-19 14:41:04'),(2,1,65,'1975-06-06 23:24:05'),(3,28,13,'1994-04-12 03:57:04'),(4,75,11,'2002-05-26 04:17:46'),(5,38,28,'1996-09-06 06:01:39'),(6,90,35,'1976-03-22 21:54:01'),(7,59,32,'1974-06-05 16:57:58'),(8,17,84,'2020-10-26 03:33:42'),(9,83,87,'2000-01-28 18:15:09'),(10,65,94,'1982-09-07 06:59:33'),(11,26,20,'2001-06-07 15:18:17'),(12,77,28,'2006-09-09 12:40:48'),(13,23,7,'1972-09-23 21:24:29'),(14,76,96,'2019-05-04 04:09:21'),(15,79,41,'1980-11-14 15:18:31'),(16,90,31,'2020-02-18 14:31:00'),(17,24,90,'2018-12-27 16:27:52'),(18,95,51,'2004-11-24 18:44:17'),(19,3,69,'2019-01-09 23:38:44'),(20,62,40,'1978-10-11 13:38:32'),(21,96,51,'1990-04-30 05:57:28'),(22,74,54,'2006-05-25 01:24:03'),(23,82,91,'1974-01-28 23:55:30'),(24,38,65,'1974-08-20 00:36:53'),(25,78,3,'1980-11-09 15:46:23'),(26,59,3,'2015-11-23 21:39:40'),(27,23,35,'2006-08-16 02:18:16'),(28,31,46,'1991-09-29 00:48:30'),(29,41,7,'1970-01-20 15:43:51'),(30,42,20,'2018-09-18 07:12:38'),(31,48,31,'2005-05-02 16:03:06'),(32,50,71,'1971-02-19 12:49:34'),(33,21,44,'2012-10-16 20:10:57'),(34,22,23,'2006-08-12 12:54:56'),(35,12,83,'1987-05-22 00:47:27'),(36,62,8,'2009-02-16 15:07:23'),(37,33,36,'2018-09-05 02:11:20'),(38,62,15,'1993-07-15 01:34:24'),(39,27,100,'2007-12-03 16:46:51'),(40,79,4,'1978-07-13 01:16:48'),(41,2,37,'2013-07-03 19:28:11'),(42,7,25,'2013-02-17 04:52:52'),(43,72,37,'1982-04-11 11:36:44'),(44,70,13,'1974-06-29 11:13:04'),(45,44,11,'2008-08-07 11:05:05'),(46,32,91,'1984-12-14 22:00:30'),(47,41,81,'2006-10-12 07:14:50'),(48,62,61,'1980-08-11 00:53:07'),(49,24,83,'1987-09-07 20:53:05'),(50,84,36,'1997-10-06 22:46:04'),(51,65,45,'2014-01-28 07:52:57'),(52,44,97,'1989-06-26 17:54:21'),(53,81,5,'1981-03-29 03:27:00'),(54,12,7,'2006-04-14 06:16:28'),(55,4,90,'2005-10-05 20:44:28'),(56,10,6,'2003-03-01 20:32:09'),(57,27,16,'1995-08-20 17:35:44'),(58,30,98,'2013-04-26 02:47:23'),(59,53,100,'1973-08-17 05:32:23'),(60,11,96,'1986-07-01 17:06:00'),(61,11,42,'1978-09-15 00:33:47'),(62,87,51,'2000-04-06 11:21:08'),(63,22,48,'2012-04-15 06:48:30'),(64,12,46,'2018-07-25 22:16:22'),(65,30,95,'2005-05-27 05:12:26'),(66,82,94,'2014-05-20 19:34:14'),(67,40,25,'1984-11-15 19:42:27'),(68,91,20,'1977-05-12 22:32:29'),(69,30,3,'1984-08-13 16:26:32'),(70,26,34,'1982-10-20 09:50:39'),(71,93,36,'1993-01-30 03:46:59'),(72,39,19,'1998-02-06 00:05:13'),(73,51,69,'1993-09-06 11:21:42'),(74,17,4,'1972-09-01 12:16:35'),(75,69,27,'2015-03-14 08:27:58'),(76,100,79,'2018-12-05 07:08:31'),(77,68,86,'1971-07-23 22:12:29'),(78,30,90,'2016-01-20 02:34:12'),(79,33,42,'1971-07-26 03:34:58'),(80,36,63,'1992-12-24 15:45:42'),(81,36,18,'2015-11-28 11:04:38'),(82,57,76,'1982-01-01 02:01:44'),(83,42,48,'2007-07-13 16:06:51'),(84,96,72,'2012-11-02 23:14:20'),(85,50,21,'2005-09-24 18:24:25'),(86,5,42,'1978-07-01 01:18:43'),(87,57,44,'1998-07-12 09:56:39'),(88,61,8,'1990-02-07 22:00:31'),(89,13,77,'2002-04-01 23:26:36'),(90,11,81,'2020-04-28 08:52:15'),(91,4,10,'2003-11-07 14:57:06'),(92,59,72,'2016-04-29 12:41:19'),(93,95,88,'1973-02-22 13:38:48'),(94,62,28,'1983-03-10 05:54:50'),(95,30,97,'1974-11-20 02:28:48'),(96,91,65,'1997-11-10 08:53:14'),(97,14,47,'1984-05-25 19:30:57'),(98,41,56,'1970-07-22 16:23:03'),(99,94,36,'2015-01-31 19:41:07'),(100,28,44,'1993-02-07 11:06:50');
/*!40000 ALTER TABLE `add_likes` ENABLE KEYS */;
UNLOCK TABLES;

--
-- Table structure for table `comments`
--

DROP TABLE IF EXISTS `comments`;
/*!40101 SET @saved_cs_client     = @@character_set_client */;
/*!50503 SET character_set_client = utf8mb4 */;
CREATE TABLE `comments` (
  `id` bigint unsigned NOT NULL AUTO_INCREMENT,
  `user_id` bigint unsigned NOT NULL,
  `post_id` bigint unsigned NOT NULL,
  `comment` text,
  `like_count` bigint DEFAULT NULL,
  `created_at` datetime DEFAULT CURRENT_TIMESTAMP,
  `updated_at` datetime DEFAULT CURRENT_TIMESTAMP ON UPDATE CURRENT_TIMESTAMP,
  PRIMARY KEY (`id`),
  UNIQUE KEY `id` (`id`),
  KEY `user_id` (`user_id`),
  KEY `post_id` (`post_id`),
  CONSTRAINT `comments_ibfk_1` FOREIGN KEY (`user_id`) REFERENCES `users` (`id`),
  CONSTRAINT `comments_ibfk_2` FOREIGN KEY (`post_id`) REFERENCES `posts` (`id`)
) ENGINE=InnoDB AUTO_INCREMENT=101 DEFAULT CHARSET=utf8mb4 COLLATE=utf8mb4_0900_ai_ci;
/*!40101 SET character_set_client = @saved_cs_client */;

--
-- Dumping data for table `comments`
--

LOCK TABLES `comments` WRITE;
/*!40000 ALTER TABLE `comments` DISABLE KEYS */;
INSERT INTO `comments` VALUES (1,3,33,'zako',22369038,'2003-02-04 08:06:36','1977-04-11 07:52:05'),(2,73,56,'cxyr',0,'1978-10-24 20:18:01','1991-01-26 03:35:14'),(3,13,20,'xkqv',506477092,'1993-10-14 23:22:15','1995-08-27 18:08:53'),(4,53,100,'kwow',438947683,'2016-04-21 23:34:25','1997-09-11 05:57:42'),(5,68,85,'oqkz',4174,'1984-04-19 19:18:02','1979-07-07 23:19:49'),(6,70,57,'lrrp',1,'1971-10-20 23:01:34','2014-09-15 20:09:36'),(7,86,56,'mkoo',94242637,'2006-06-16 01:40:38','1973-12-02 11:26:00'),(8,40,30,'fbiq',3401740,'1975-02-03 14:54:27','2008-10-05 07:48:33'),(9,6,48,'hthb',621413731,'1979-10-10 01:13:57','1972-08-27 13:54:10'),(10,8,81,'hwvy',660261227,'2010-01-17 03:55:43','1982-04-25 04:55:36'),(11,40,62,'mzfk',42,'1999-02-03 23:29:56','1995-08-17 02:18:18'),(12,57,7,'xdvs',812,'2018-10-05 20:16:57','1986-06-16 09:35:14'),(13,91,11,'sxyx',47836084,'2010-02-26 09:03:04','1987-09-16 00:36:20'),(14,29,15,'vuiq',56585948,'1992-09-24 07:11:09','2005-09-15 17:15:23'),(15,60,93,'xqmg',65,'1972-11-17 08:28:09','2006-04-27 14:00:33'),(16,59,62,'blnb',121092,'1976-02-17 06:06:19','2003-07-15 21:07:16'),(17,25,32,'dmzy',86,'2000-11-14 11:13:31','1991-06-11 16:24:48'),(18,18,38,'tywn',81686,'1999-02-17 20:37:05','1984-05-06 01:03:31'),(19,51,70,'tqdl',831290632,'2008-08-02 23:13:14','1992-05-21 16:49:54'),(20,37,19,'yflz',40,'1982-03-10 01:09:23','2018-05-09 00:05:27'),(21,55,7,'ytcb',9150574,'2006-09-21 19:59:31','2000-04-03 11:30:43'),(22,75,40,'dyga',139,'2005-07-05 04:09:59','1998-05-17 17:51:12'),(23,62,14,'exzs',288200,'2007-09-03 10:29:16','2005-07-09 05:44:32'),(24,70,67,'ejzu',6569459,'2006-02-06 09:18:23','2020-05-05 17:28:26'),(25,62,78,'zrox',332153,'2004-12-05 17:25:56','2015-04-21 15:47:19'),(26,48,1,'bddh',824159,'2014-04-07 01:00:01','2014-09-03 11:16:57'),(27,40,4,'dmzx',97199,'1973-10-29 14:40:55','2000-11-18 02:02:18'),(28,8,30,'wgqm',6796,'2005-05-06 05:27:51','1971-06-13 03:19:02'),(29,15,36,'emfy',5432175,'1998-06-21 16:29:57','2005-03-20 16:08:10'),(30,44,74,'zolw',46,'1974-03-22 14:12:56','2018-05-23 09:35:26'),(31,28,3,'ilry',513,'1993-12-30 16:30:28','2003-08-05 16:40:30'),(32,36,53,'baqk',27,'2008-03-20 18:12:49','1991-09-18 01:20:16'),(33,34,53,'vthw',3,'1982-08-27 20:49:47','1984-02-22 05:12:37'),(34,90,85,'eulu',7,'2010-12-15 00:15:34','1993-09-26 15:33:21'),(35,23,26,'grvz',8351,'1982-11-20 01:46:43','1987-07-26 00:55:44'),(36,3,77,'ppyo',24,'1992-06-06 04:55:09','1993-10-11 03:25:25'),(37,32,78,'ybiy',902412,'2014-01-09 23:18:27','1991-09-28 07:17:26'),(38,17,94,'hkwo',427748,'2009-01-08 07:39:38','1991-06-26 10:45:28'),(39,92,86,'yoyw',3108008,'1986-03-31 06:09:58','1996-05-12 09:42:11'),(40,60,53,'xtid',385,'1990-01-28 15:42:06','1983-12-09 14:23:20'),(41,64,7,'gwqt',0,'2019-04-12 04:53:54','1986-08-11 14:33:54'),(42,54,3,'ifkc',37988625,'2001-01-12 03:53:32','2019-02-24 11:55:24'),(43,11,62,'gwsp',85057,'2017-12-11 11:04:28','2007-12-31 11:09:46'),(44,32,25,'fzfk',94,'1976-08-03 01:50:10','1971-10-27 16:07:40'),(45,97,76,'necc',5,'1976-02-17 03:50:28','1979-05-23 14:11:44'),(46,99,25,'mkvw',15049,'2011-02-27 08:50:02','2012-07-16 04:00:54'),(47,78,34,'ddat',589759,'1999-09-25 02:57:56','1997-02-08 12:33:04'),(48,77,12,'lfuz',572793,'1984-07-20 06:19:24','1987-03-24 13:50:14'),(49,87,67,'okzg',65478,'1988-04-07 03:14:14','1980-09-13 01:07:45'),(50,96,9,'ldlr',197878482,'1984-12-05 10:03:09','1999-06-15 06:14:14'),(51,92,98,'kxkd',37237805,'2018-03-24 03:22:34','1998-03-15 02:19:00'),(52,85,24,'rtir',181,'1994-08-15 18:23:58','1991-07-01 22:21:29'),(53,76,1,'cxeg',327,'2019-08-12 21:02:26','2018-06-20 06:18:01'),(54,17,67,'tsev',480,'1994-01-06 17:50:11','2014-11-27 15:14:30'),(55,87,77,'vkxm',65610047,'1980-08-26 23:40:53','1975-07-06 16:33:00'),(56,20,50,'ebxm',440665893,'2019-07-27 19:03:54','1990-08-25 16:28:03'),(57,84,74,'oysu',753877,'2019-09-12 18:23:51','1990-12-18 15:42:27'),(58,53,94,'ofsy',3191568,'2003-04-27 17:51:02','2007-07-27 12:51:39'),(59,35,84,'gwbs',308,'1978-03-08 09:46:41','2005-12-19 00:57:52'),(60,19,32,'uewj',0,'2000-04-08 09:44:38','1977-02-22 23:32:49'),(61,60,17,'ohzf',0,'2006-12-30 02:02:34','1980-03-12 06:09:58'),(62,56,38,'njxv',832,'1997-05-14 13:40:26','1993-07-27 05:23:07'),(63,51,33,'femb',7,'1986-02-21 07:58:20','2005-11-06 02:50:59'),(64,49,38,'jexa',78,'2011-01-19 02:58:54','1991-12-22 05:36:47'),(65,99,44,'cheb',57415284,'2008-04-24 07:02:34','1998-05-10 21:08:28'),(66,46,91,'zduj',564555534,'1996-10-26 07:19:45','1975-08-19 13:30:12'),(67,42,31,'sivz',55629766,'2015-05-21 14:07:24','2004-12-04 15:49:55'),(68,15,17,'awuz',42538611,'2018-09-11 04:06:52','2016-03-30 03:30:56'),(69,31,32,'bwnm',7503581,'1980-08-04 07:10:39','1994-09-23 04:29:06'),(70,83,18,'zjkz',74111,'1972-01-07 11:06:29','2019-07-01 00:31:39'),(71,8,2,'qmal',92545,'1975-10-31 13:26:04','1985-10-18 13:54:25'),(72,68,92,'asty',12,'1988-03-03 04:22:48','1995-09-21 15:23:22'),(73,75,20,'ekmf',4431493,'2010-05-09 04:54:32','1997-06-20 04:40:58'),(74,85,9,'etqz',120,'1991-01-08 05:16:20','1999-07-04 14:30:07'),(75,4,4,'fvoq',538521042,'2014-11-14 17:40:44','1999-07-03 14:47:04'),(76,40,63,'zwsf',186255,'2010-01-05 22:13:14','1972-11-17 06:08:28'),(77,21,96,'jfyj',9082268,'1978-08-24 23:59:12','1991-09-16 03:33:00'),(78,1,72,'fldz',20893,'1987-10-11 04:28:36','1987-11-21 05:26:30'),(79,28,49,'knyk',0,'1970-02-14 21:11:01','2019-07-04 01:34:29'),(80,9,27,'psrt',235168,'1991-12-22 00:50:31','2017-03-28 17:35:59'),(81,92,55,'swca',278988935,'2007-09-30 06:37:30','2004-12-24 13:55:17'),(82,18,34,'zfyw',716,'2020-09-15 06:18:45','1979-06-08 02:06:03'),(83,85,32,'mbhw',1,'1993-01-13 22:45:30','1994-01-11 09:19:15'),(84,50,16,'izif',0,'1975-01-30 18:59:29','1976-02-23 04:05:34'),(85,63,32,'himv',3056,'2003-11-16 07:01:58','1994-04-29 10:40:23'),(86,33,71,'vasz',61550539,'1991-02-08 11:40:05','2015-12-22 06:42:07'),(87,34,100,'kswt',86,'1982-06-22 03:40:57','2012-01-30 23:02:55'),(88,62,9,'kgkx',85,'1977-03-31 15:23:49','1970-05-31 02:08:59'),(89,20,47,'sogo',2491,'1970-03-24 07:09:45','1989-06-18 12:30:48'),(90,18,23,'yrmy',761,'2004-06-28 17:59:52','1978-05-17 12:49:50'),(91,51,58,'jnfp',87211,'2002-03-17 03:06:18','2008-02-08 15:42:34'),(92,86,71,'xyco',69601096,'1990-06-05 16:14:54','1995-12-19 03:02:50'),(93,53,86,'cgdl',20240349,'1989-02-12 05:50:53','1977-03-05 18:53:31'),(94,43,81,'favq',605,'1988-01-23 15:01:03','2016-05-01 01:48:51'),(95,35,51,'lqow',8,'1982-03-18 23:40:02','2010-07-06 22:42:26'),(96,7,26,'erqq',2645026,'1983-06-09 04:18:02','1981-08-26 22:46:49'),(97,5,24,'apwa',31915311,'2008-08-12 04:32:45','1995-12-24 08:32:33'),(98,59,89,'rnbd',96,'1981-07-22 02:39:50','2001-07-04 05:19:18'),(99,56,9,'dpoi',847872740,'2009-10-19 15:31:36','1991-12-25 17:39:39'),(100,4,19,'kyeq',25,'1997-06-29 10:24:42','2003-10-05 01:58:57');
/*!40000 ALTER TABLE `comments` ENABLE KEYS */;
UNLOCK TABLES;

--
-- Table structure for table `communities`
--

DROP TABLE IF EXISTS `communities`;
/*!40101 SET @saved_cs_client     = @@character_set_client */;
/*!50503 SET character_set_client = utf8mb4 */;
CREATE TABLE `communities` (
  `id` bigint unsigned NOT NULL AUTO_INCREMENT,
  `name` varchar(150) DEFAULT NULL,
  PRIMARY KEY (`id`),
  UNIQUE KEY `id` (`id`),
  KEY `name` (`name`)
) ENGINE=InnoDB AUTO_INCREMENT=101 DEFAULT CHARSET=utf8mb4 COLLATE=utf8mb4_0900_ai_ci;
/*!40101 SET character_set_client = @saved_cs_client */;

--
-- Dumping data for table `communities`
--

LOCK TABLES `communities` WRITE;
/*!40000 ALTER TABLE `communities` DISABLE KEYS */;
INSERT INTO `communities` VALUES (42,'accusantium'),(23,'aliquid'),(28,'amet'),(80,'animi'),(55,'architecto'),(8,'aut'),(19,'aut'),(45,'aut'),(53,'aut'),(67,'aut'),(76,'autem'),(77,'consectetur'),(59,'consequatur'),(6,'consequuntur'),(97,'consequuntur'),(81,'corrupti'),(79,'debitis'),(100,'delectus'),(93,'deleniti'),(56,'doloremque'),(70,'doloremque'),(87,'dolores'),(37,'doloribus'),(25,'eius'),(66,'eligendi'),(39,'est'),(89,'est'),(60,'et'),(94,'et'),(74,'excepturi'),(90,'facere'),(15,'facilis'),(9,'harum'),(52,'harum'),(61,'id'),(58,'illo'),(75,'in'),(64,'ipsa'),(57,'itaque'),(36,'iure'),(71,'labore'),(35,'libero'),(88,'libero'),(27,'maxime'),(14,'molestiae'),(31,'molestiae'),(2,'natus'),(16,'necessitatibus'),(32,'necessitatibus'),(65,'nisi'),(49,'odit'),(50,'officia'),(3,'officiis'),(5,'officiis'),(96,'officiis'),(99,'omnis'),(34,'perferendis'),(11,'porro'),(20,'porro'),(91,'possimus'),(44,'provident'),(41,'qui'),(51,'quia'),(46,'quibusdam'),(73,'quidem'),(10,'quis'),(63,'quis'),(1,'quisquam'),(84,'quo'),(82,'recusandae'),(92,'repudiandae'),(21,'rerum'),(4,'sed'),(62,'sed'),(22,'similique'),(12,'sint'),(24,'sint'),(72,'suscipit'),(48,'tempore'),(83,'tenetur'),(17,'totam'),(29,'totam'),(38,'totam'),(98,'ullam'),(26,'ut'),(40,'ut'),(47,'ut'),(78,'ut'),(95,'ut'),(43,'vel'),(85,'velit'),(7,'veritatis'),(69,'veritatis'),(68,'vero'),(13,'voluptas'),(54,'voluptate'),(18,'voluptatem'),(30,'voluptatem'),(33,'voluptatem'),(86,'voluptatem');
/*!40000 ALTER TABLE `communities` ENABLE KEYS */;
UNLOCK TABLES;

--
-- Table structure for table `friend_requests`
--

DROP TABLE IF EXISTS `friend_requests`;
/*!40101 SET @saved_cs_client     = @@character_set_client */;
/*!50503 SET character_set_client = utf8mb4 */;
CREATE TABLE `friend_requests` (
  `initiator_user_id` bigint unsigned NOT NULL,
  `target_user_id` bigint unsigned NOT NULL,
  `status` enum('requested','approved','unfriended','declined') DEFAULT NULL,
  `requested_at` datetime DEFAULT CURRENT_TIMESTAMP,
  `confirmed_at` datetime DEFAULT CURRENT_TIMESTAMP ON UPDATE CURRENT_TIMESTAMP,
  PRIMARY KEY (`initiator_user_id`,`target_user_id`),
  KEY `initiator_user_id` (`initiator_user_id`),
  KEY `target_user_id` (`target_user_id`),
  CONSTRAINT `friend_requests_ibfk_1` FOREIGN KEY (`initiator_user_id`) REFERENCES `users` (`id`),
  CONSTRAINT `friend_requests_ibfk_2` FOREIGN KEY (`target_user_id`) REFERENCES `users` (`id`)
) ENGINE=InnoDB DEFAULT CHARSET=utf8mb4 COLLATE=utf8mb4_0900_ai_ci;
/*!40101 SET character_set_client = @saved_cs_client */;

--
-- Dumping data for table `friend_requests`
--

LOCK TABLES `friend_requests` WRITE;
/*!40000 ALTER TABLE `friend_requests` DISABLE KEYS */;
INSERT INTO `friend_requests` VALUES (2,3,'declined','1989-09-26 21:41:58','1990-07-13 00:47:52'),(3,27,'requested','2005-08-18 15:01:16','2011-10-13 17:20:58'),(5,38,'unfriended','2019-03-29 02:15:06','1976-08-10 11:55:13'),(6,45,'unfriended','1996-05-14 11:42:10','1972-05-14 02:29:08'),(6,68,'unfriended','2011-10-03 17:45:20','2010-11-08 10:45:12'),(7,57,'requested','1992-04-14 19:09:11','2002-07-18 12:05:45'),(7,65,'declined','1996-05-23 20:57:40','2005-09-25 21:10:56'),(8,24,'unfriended','1987-11-04 03:58:55','1995-08-14 15:13:21'),(9,10,'unfriended','1997-08-31 18:32:04','2017-06-08 03:46:24'),(9,35,'requested','1976-11-21 03:01:11','2004-03-09 01:15:04'),(9,53,'approved','2012-02-04 05:27:50','1982-10-08 23:38:39'),(9,56,'unfriended','2013-10-08 07:43:29','2016-03-23 17:56:27'),(10,60,'requested','2010-05-17 12:00:06','2014-10-13 19:55:12'),(12,95,'approved','1994-12-09 04:24:56','2014-11-14 17:27:53'),(13,35,'approved','2016-10-25 08:28:48','2016-07-14 19:08:25'),(13,50,'requested','2016-01-31 21:45:18','2001-06-02 13:17:55'),(13,65,'declined','1983-01-29 17:25:45','2019-12-02 05:41:13'),(14,90,'requested','2017-03-04 04:37:41','1974-06-29 00:34:56'),(15,1,'unfriended','1979-03-05 20:34:48','2020-05-30 14:07:19'),(15,65,'approved','2015-01-25 07:18:19','2020-01-30 07:58:11'),(16,86,'declined','2004-01-18 04:14:53','1973-10-29 04:39:23'),(17,50,'requested','1991-07-15 01:51:40','2007-12-10 16:59:07'),(18,48,'unfriended','2014-05-21 06:25:24','2011-02-18 00:20:40'),(18,62,'approved','2005-09-24 21:39:50','1983-11-06 00:29:28'),(18,67,'approved','1986-08-09 01:08:44','1978-10-31 22:50:05'),(18,75,'declined','1974-07-23 19:58:50','2006-05-23 16:25:09'),(18,96,'declined','2018-08-12 09:50:31','1981-12-28 05:30:52'),(21,3,'declined','2002-07-06 23:22:40','2002-01-19 02:36:12'),(22,27,'unfriended','1999-06-14 08:47:56','1972-02-15 15:30:58'),(22,91,'unfriended','1981-05-07 05:44:42','1996-10-23 15:17:25'),(23,2,'unfriended','2015-03-15 08:05:11','2000-05-07 19:15:05'),(23,46,'approved','2006-11-20 12:39:52','2020-09-15 06:19:45'),(25,2,'declined','2016-04-13 19:04:24','2014-02-26 19:40:05'),(26,56,'unfriended','2004-03-20 08:05:49','2020-02-29 06:58:09'),(26,90,'requested','1998-08-04 05:50:51','2009-05-05 07:56:07'),(28,30,'approved','2019-02-16 03:08:11','2008-09-20 13:50:28'),(29,66,'unfriended','1978-08-10 18:39:22','1998-09-10 23:05:02'),(30,34,'unfriended','1976-10-17 10:38:00','1970-08-21 00:34:29'),(30,78,'approved','2011-11-05 16:56:25','1981-09-21 09:11:16'),(31,60,'unfriended','2007-07-16 00:45:46','2004-11-05 13:57:14'),(32,79,'declined','2007-03-15 08:53:55','2008-09-10 11:22:15'),(33,6,'requested','1993-12-30 13:53:42','1982-02-01 18:43:38'),(33,53,'approved','1988-11-14 16:32:31','2002-05-19 11:27:04'),(33,77,'unfriended','1987-03-25 10:57:22','1977-12-15 00:56:35'),(35,39,'declined','2007-05-09 08:26:56','2018-12-14 19:02:52'),(36,2,'requested','1981-07-29 12:58:27','1975-12-24 17:27:41'),(36,95,'unfriended','1970-04-26 12:34:02','1973-05-03 07:37:11'),(39,34,'approved','1975-08-12 02:41:37','1984-06-07 01:57:38'),(42,40,'unfriended','1993-11-14 19:54:08','1976-11-08 18:12:41'),(43,51,'unfriended','2000-09-17 01:57:16','1999-12-14 03:57:24'),(45,12,'approved','1992-06-06 07:50:12','1982-04-06 12:49:26'),(45,31,'declined','1980-12-05 15:44:31','1971-01-10 11:59:44'),(47,52,'declined','2013-03-19 18:24:04','1988-10-02 12:47:55'),(50,84,'unfriended','1997-11-30 23:38:45','1988-08-30 03:18:01'),(51,31,'requested','2003-06-06 11:28:07','2008-12-09 02:17:14'),(51,43,'requested','2003-06-25 20:23:09','1991-03-06 14:44:12'),(52,16,'unfriended','1998-07-15 23:31:28','1983-04-18 23:22:12'),(52,27,'approved','1987-10-20 01:01:51','1983-07-22 07:07:06'),(55,38,'approved','1989-12-01 20:57:43','2011-07-13 04:51:40'),(55,75,'requested','1984-08-20 17:19:14','1986-05-20 10:51:03'),(55,90,'requested','1979-01-13 07:04:08','1990-10-22 07:52:44'),(58,79,'requested','1976-02-25 19:20:33','2014-12-29 23:24:17'),(60,65,'requested','2020-04-07 22:40:18','2006-02-15 01:17:52'),(62,70,'unfriended','1986-06-24 18:42:50','1983-08-05 12:24:09'),(63,34,'unfriended','1975-05-30 19:08:40','2016-08-11 23:40:22'),(63,40,'unfriended','2001-09-12 22:50:02','1997-07-29 04:18:30'),(63,62,'requested','1972-02-13 14:28:56','2004-04-22 07:56:52'),(64,79,'declined','1976-05-25 22:47:23','2007-05-06 07:05:16'),(66,8,'declined','2009-09-08 06:50:21','2011-01-31 02:46:31'),(66,45,'declined','2004-06-25 17:48:03','1980-09-04 21:30:59'),(66,93,'approved','1998-04-23 23:50:18','1982-10-17 18:26:32'),(70,34,'requested','1994-05-14 01:29:06','2020-06-10 19:43:10'),(70,54,'approved','1972-05-01 20:07:51','2005-05-08 14:49:16'),(72,1,'approved','2011-08-21 15:39:47','1978-04-27 09:15:36'),(72,18,'requested','1983-10-31 03:39:11','1970-11-24 15:59:13'),(75,11,'approved','2002-02-14 06:45:25','1982-05-31 02:23:47'),(76,40,'approved','2018-10-13 02:30:37','2012-05-23 04:50:26'),(78,49,'unfriended','2020-04-13 03:59:42','1991-11-13 01:39:27'),(78,61,'requested','1992-09-21 06:48:09','1983-08-02 08:12:28'),(79,33,'approved','1970-07-15 02:53:11','1984-12-23 16:14:57'),(81,68,'declined','1998-10-25 15:25:47','2020-07-31 00:14:28'),(81,79,'unfriended','1989-01-15 12:47:48','1995-01-12 04:25:52'),(81,93,'requested','1971-10-14 21:18:17','2012-07-12 01:17:25'),(83,16,'requested','2017-07-08 20:55:15','1973-06-15 22:39:53'),(84,13,'approved','2018-12-23 04:07:09','1982-07-09 14:58:59'),(86,30,'unfriended','2014-03-12 01:04:39','2013-08-05 05:40:27'),(88,63,'requested','1973-12-29 12:56:56','2007-08-23 01:26:57'),(88,75,'declined','1976-10-23 23:44:19','1990-03-15 00:35:51'),(89,45,'declined','1999-12-21 16:47:02','1997-06-13 14:06:59'),(91,15,'approved','2008-04-11 06:45:08','2008-03-22 06:37:10'),(91,25,'unfriended','1979-12-12 15:07:49','1995-12-19 08:35:15'),(91,72,'declined','2017-04-09 20:22:21','2005-03-04 06:01:31'),(91,96,'approved','1979-04-11 03:02:11','1994-01-31 01:18:09'),(93,58,'declined','1995-10-26 08:09:11','1992-01-29 20:29:33'),(94,62,'declined','1986-09-17 07:36:21','1972-10-03 07:19:50'),(95,58,'unfriended','1983-11-24 02:14:00','2007-08-26 10:15:26'),(95,92,'requested','1987-09-17 01:01:11','2004-10-01 15:57:45'),(95,96,'unfriended','1997-12-08 23:06:53','1985-08-14 00:32:50'),(96,76,'declined','2011-05-28 11:23:05','1998-09-24 10:12:10');
/*!40000 ALTER TABLE `friend_requests` ENABLE KEYS */;
UNLOCK TABLES;

--
-- Table structure for table `messages`
--

DROP TABLE IF EXISTS `messages`;
/*!40101 SET @saved_cs_client     = @@character_set_client */;
/*!50503 SET character_set_client = utf8mb4 */;
CREATE TABLE `messages` (
  `id` bigint unsigned NOT NULL AUTO_INCREMENT,
  `from_user_id` bigint unsigned NOT NULL,
  `to_user_id` bigint unsigned NOT NULL,
  `message` text NOT NULL,
  `is_read` tinyint(1) DEFAULT '0',
  `created_at` datetime DEFAULT CURRENT_TIMESTAMP,
  PRIMARY KEY (`id`),
  UNIQUE KEY `id` (`id`),
  KEY `messages_from_user_id` (`from_user_id`),
  KEY `messages_to_user_id` (`to_user_id`),
  CONSTRAINT `messages_ibfk_1` FOREIGN KEY (`from_user_id`) REFERENCES `users` (`id`),
  CONSTRAINT `messages_ibfk_2` FOREIGN KEY (`to_user_id`) REFERENCES `users` (`id`)
) ENGINE=InnoDB AUTO_INCREMENT=101 DEFAULT CHARSET=utf8mb4 COLLATE=utf8mb4_0900_ai_ci;
/*!40101 SET character_set_client = @saved_cs_client */;

--
-- Dumping data for table `messages`
--

LOCK TABLES `messages` WRITE;
/*!40000 ALTER TABLE `messages` DISABLE KEYS */;
INSERT INTO `messages` VALUES (1,74,79,'Earum sed possimus harum. Voluptatibus accusantium delectus adipisci in eveniet. Qui in nam consequatur aut impedit.',1,'1978-07-31 21:02:44'),(2,34,11,'Et autem repellat quia possimus vero dolore. Nihil aut ea laudantium rem minima et. Ratione at error sequi magni nemo et dolorem. Beatae expedita sunt dolor illo optio voluptatem aut.',1,'1976-09-02 14:39:50'),(3,49,55,'Debitis in rem repudiandae. A rem molestiae enim voluptas quae laudantium. Est fugit aut repellendus laboriosam et qui. Corrupti deserunt consequuntur impedit autem asperiores delectus.',0,'2009-02-16 04:54:54'),(4,100,52,'Atque quod consequuntur quas aut animi. Voluptatem et ipsum debitis nihil corrupti corporis. Cupiditate at doloribus qui harum qui quod soluta.',0,'1977-01-07 17:30:46'),(5,57,86,'Velit omnis et tempora ad sit esse. Deleniti alias aspernatur nihil commodi rerum. Qui ipsam sunt aliquam fuga. Cumque sint sapiente facilis corporis beatae aliquam.',1,'1973-04-09 12:56:49'),(6,5,29,'Autem earum adipisci ullam id rerum adipisci rerum. Aspernatur sed saepe aspernatur modi numquam iusto ut. Natus omnis et quisquam quam omnis fugit sunt.',1,'1971-12-15 04:12:33'),(7,79,43,'Sunt ad illo voluptate iure libero cupiditate quaerat. Aut dolor error sint eveniet ut. Ut alias occaecati nobis hic.',0,'2008-02-23 03:24:18'),(8,43,41,'Quae occaecati ea sit doloribus qui consequatur. Quidem deserunt eaque ratione reprehenderit. Laboriosam possimus ratione saepe at porro sint debitis. Dignissimos quos ipsum ut deleniti.',1,'1988-02-07 03:15:18'),(9,2,44,'Nostrum cumque et nihil expedita accusamus ducimus ducimus eos. Accusamus sint qui neque quo ut. Sint sunt aut et neque. Sed architecto qui qui est. Et cum quia repellendus ut.',0,'2007-11-05 11:11:27'),(10,47,49,'Quibusdam reiciendis voluptatibus veritatis odio. Ut iure est suscipit ad. Et ullam ad debitis id voluptatem sed et.',0,'2010-04-23 21:30:35'),(11,61,64,'Neque quam repudiandae aspernatur itaque ipsam amet qui. Quisquam aperiam molestias quos et.',0,'2008-10-08 23:21:51'),(12,62,7,'Beatae ad qui quibusdam cupiditate dolorum autem sed. Harum architecto dolore ut impedit tempore asperiores. Facilis voluptatibus tempora et exercitationem.',1,'1993-08-17 23:43:25'),(13,59,30,'Eius aut explicabo voluptatem eum iusto. Consectetur ad ipsum qui dolores nam quo. Quam qui cupiditate aliquam totam qui temporibus rem.',1,'1983-04-05 00:17:35'),(14,63,80,'Perferendis suscipit commodi veniam molestiae officia provident. Est eum dolorem officia a cum. Consequuntur nihil eius ut aut ut. Tempore est temporibus quidem iusto mollitia et.',0,'2013-11-19 08:40:46'),(15,79,49,'Omnis nihil commodi cumque commodi quo quae ut. Impedit ab at nemo tempora. Eius sed temporibus reiciendis. Dolores minus excepturi aut tenetur suscipit dicta qui.',1,'2013-11-26 15:45:39'),(16,43,52,'Sed suscipit dignissimos nihil quo. Sit nihil tenetur qui minus. Eum voluptatibus corrupti aut ut ad dolorem. Dicta vitae non distinctio dolore laboriosam.',1,'1977-03-26 21:24:59'),(17,27,76,'Blanditiis sit quo ut amet quod quo laudantium omnis. Molestiae in veniam quis optio earum libero sapiente. Nihil debitis minus officiis numquam consectetur quo. Repellat reiciendis fugit delectus animi nobis autem id natus.',1,'2015-09-14 16:39:38'),(18,63,76,'Dignissimos facere neque enim dolorum nulla voluptas. Aut sequi harum consectetur et est architecto.',1,'1998-05-05 00:49:44'),(19,31,62,'Ut sequi aut eum vel. Tempore adipisci ut explicabo at. Ea fuga voluptas sunt illum. Quia ea et praesentium vero expedita ducimus.',0,'1983-03-31 18:33:33'),(20,27,87,'Rerum ipsa id animi aut ea voluptatibus et numquam. Doloribus laborum soluta id laboriosam enim quia quos. Tempore sit aperiam voluptates autem.',0,'1981-10-20 08:26:07'),(21,48,32,'Omnis ad sequi omnis. Occaecati voluptates quasi deleniti accusamus maiores incidunt ut eum. Aut modi in omnis quia suscipit voluptate eum.',0,'1994-05-18 00:58:33'),(22,16,27,'Omnis rerum mollitia iste molestiae voluptatibus facilis. Asperiores molestiae qui voluptas est animi sapiente quasi. Doloribus et sequi impedit quas.',1,'1992-10-04 06:38:38'),(23,75,58,'Adipisci dolor et culpa architecto sit. Sit voluptatem tempore facilis. Amet qui sed maxime voluptatem cum. Sunt dicta inventore iure vero itaque quo est. Ut tempora et et mollitia.',1,'1987-09-26 00:17:45'),(24,67,76,'Ut provident explicabo aut aut earum excepturi a. Quo beatae perferendis ab cumque est consequatur occaecati. Provident adipisci quasi quos placeat.',0,'2012-02-25 04:28:43'),(25,2,13,'Ullam iure quibusdam consequatur est. Earum delectus et culpa repellendus dolore sed deserunt. Et qui nam culpa molestiae itaque excepturi dolor.',0,'1976-04-16 14:34:46'),(26,24,62,'Maxime maiores quisquam enim accusamus. Et eos saepe animi non quis amet quis. Molestiae hic ut veritatis et dolore non.',1,'1994-07-04 13:02:14'),(27,77,86,'Quia quo adipisci maiores harum et ipsum voluptatem. Inventore ut fugit optio maxime. Et mollitia molestias cupiditate nemo corrupti aut assumenda.',0,'1995-02-01 22:44:01'),(28,69,35,'Esse pariatur fugit est porro quia facilis et. Ipsam iusto placeat dolore sed quo nam. Quas vitae tempore illo dolor. Quia molestiae aut animi.',0,'2010-09-25 16:34:31'),(29,15,31,'Fugiat aut id autem id nisi libero ea. Eligendi sequi quo dignissimos. Omnis vitae quis aut ex.',1,'1983-06-24 19:33:48'),(30,15,94,'Totam qui eum corporis in aut perferendis. Id ad dolor quaerat velit ullam aliquid non eius. Accusamus voluptas ipsum doloremque et aut ut aperiam. In cum blanditiis ipsam expedita nemo. Suscipit quaerat omnis et rem nisi quo.',0,'1979-10-30 16:28:45'),(31,79,57,'Nemo alias alias tenetur. Reprehenderit et est iste sunt accusantium ut. Explicabo dicta tempore corrupti sint.',1,'1990-04-10 15:28:37'),(32,46,6,'Quaerat eum rerum quae eos. Vel voluptatum commodi ea. Saepe nobis aut quia temporibus.',0,'2003-03-02 13:01:07'),(33,32,8,'Reprehenderit adipisci sit magni ex ipsa. In tenetur tempore alias.',0,'1993-12-13 00:03:37'),(34,81,63,'Rerum quo quos quam in est rerum porro ducimus. Quisquam iusto iste facilis voluptatem sit. Voluptatem aut repudiandae minus hic neque.',0,'2017-12-11 15:52:18'),(35,70,7,'Quis numquam occaecati tempora voluptatem odio ab eos. Perferendis eligendi fugit placeat sit. Similique voluptatem quis quia repellat id optio.',0,'1984-08-11 19:50:37'),(36,49,17,'Corrupti esse id illum molestias aut. Eos consectetur officia tenetur eos eum quia. Eos unde natus et aut. Dolorem repudiandae qui error mollitia sed.',1,'1983-07-11 17:53:32'),(37,39,64,'Non nihil non vel et accusantium. Eligendi non vero tenetur commodi doloremque. Aut et accusamus rerum aliquam est placeat sit. Facilis quidem doloribus velit necessitatibus molestiae. Voluptates sed nihil nam laborum.',1,'2008-10-13 15:31:36'),(38,43,13,'Doloribus itaque aut qui asperiores laborum voluptatem. Sed dolore et aliquam ipsa aut voluptate. Et ut voluptatibus quo reiciendis. Est vero eveniet eaque numquam qui et.',1,'2000-09-08 11:49:14'),(39,22,9,'Adipisci est quia sit distinctio nesciunt tempore. Cum nihil qui odit voluptatem id architecto. Ut quam voluptatem accusantium voluptas ipsa. Ipsum quo voluptas consequatur placeat dolore. Labore placeat natus et nesciunt eos.',1,'1970-02-08 00:01:03'),(40,88,23,'Inventore neque quia ratione molestiae provident eos. Ut sunt qui neque fugiat similique. Incidunt esse quod et dignissimos. Et quae sapiente qui veritatis sunt amet amet.',1,'1980-01-19 21:11:01'),(41,22,12,'Sit veniam rerum alias suscipit nostrum aut facilis. Deleniti debitis est nulla dolores voluptate. Tempora est a quis quae dolores. Et et distinctio sit aliquam.',0,'2000-11-24 11:45:21'),(42,85,99,'Temporibus accusamus corrupti vitae magni qui eligendi voluptatem. Nostrum consequatur suscipit earum ut quam ut sunt. Ut velit porro alias voluptates quia est. Fugiat sapiente natus nulla consequatur nihil libero praesentium.',1,'1979-03-25 06:44:17'),(43,97,53,'Aliquid vitae eligendi modi quisquam asperiores aut vero. Nulla et ut accusantium excepturi omnis. Est autem soluta ut nesciunt.',1,'1977-03-30 01:15:21'),(44,33,12,'Molestiae harum expedita aut ullam reprehenderit et natus repellendus. Eius eos vel nesciunt ut dolore. Distinctio dolorem numquam ut eos et et. Sapiente occaecati voluptas rerum deserunt aut eos.',0,'2014-12-30 03:46:28'),(45,83,47,'Dolor maxime et placeat aut eos accusamus aut et. Aut corporis sunt debitis accusantium numquam doloremque vero. Est molestias explicabo repellendus cumque. Recusandae nihil veniam voluptates quo a earum ab.',0,'2018-08-09 06:28:01'),(46,5,62,'Ducimus doloribus cupiditate perferendis qui dolorem hic fuga. Totam pariatur asperiores commodi quis consequatur nisi. Est ea nisi labore ipsam voluptas tenetur. Est voluptatem iusto exercitationem rerum non architecto.',0,'2013-06-12 01:01:22'),(47,4,51,'Repellat minus doloremque nemo. Quisquam est aspernatur quis neque dolore recusandae aut delectus. Possimus eum omnis sequi explicabo placeat et incidunt. Iure vitae eos impedit ut.',1,'1988-11-18 05:02:11'),(48,67,35,'Voluptatem quia qui qui incidunt sed omnis. Explicabo quia occaecati consequatur fuga. Minus architecto est qui odio quia. Doloremque qui vero necessitatibus velit.',0,'2007-08-10 11:05:18'),(49,58,47,'Explicabo quidem omnis libero fugit a minus explicabo. Et dolorem perspiciatis nobis eos. Maiores ipsam et eos autem.',1,'2008-10-29 19:12:08'),(50,97,27,'Placeat repellat voluptas cum dicta rem qui voluptas dolorem. Sequi harum vitae accusantium aut sit perferendis laborum. Debitis odio dolorem et totam voluptas voluptatem.',0,'2005-05-03 07:43:43'),(51,54,46,'Id voluptatem soluta omnis ut et. Est sit nostrum provident harum. Ab ut molestiae corporis sit eius.',0,'2016-03-09 16:52:59'),(52,44,92,'Et sint magni consectetur iusto iusto aut harum. Cupiditate rerum qui quia dolor voluptas sit. Itaque corrupti quia consequatur id.',0,'2012-05-14 06:11:03'),(53,10,86,'Delectus corporis et tempora ut. Et beatae aut natus deleniti iusto. Qui dignissimos cupiditate iusto aspernatur ratione. Distinctio magnam amet nostrum doloremque ut.',1,'1984-08-04 08:59:15'),(54,5,31,'Cumque ipsa illum rerum. Sint quaerat illo consequatur doloribus ut sint. Libero facere vel corporis doloribus nostrum. Ducimus est voluptatem quos ducimus. Et voluptas aut quia voluptate.',1,'1985-09-14 10:03:24'),(55,95,93,'Voluptatem maiores placeat voluptas maiores laborum corrupti odio occaecati. Praesentium neque quidem suscipit. Officiis harum est libero dolor quaerat accusantium quae. Iure est repellat quo.',1,'1994-02-18 08:30:06'),(56,54,17,'Assumenda omnis error quidem sed recusandae et. Aut illum beatae porro at sit unde velit. Sit sint pariatur deleniti iure nihil ut. Ipsa at optio rerum sit voluptatem voluptatibus. Laboriosam quae libero accusamus fugiat.',0,'2005-02-26 14:08:09'),(57,4,38,'Temporibus velit mollitia ex veritatis quis quod nobis. Officia quas porro ut sint.',0,'1996-07-18 14:08:31'),(58,15,1,'Laborum et quo est voluptatum. Dolor vitae earum deleniti nemo facilis. Minima et qui a facere molestiae quia. Dolor dolores corrupti recusandae expedita et eos est.',0,'1970-04-23 06:27:49'),(59,90,48,'Debitis eum eaque quod explicabo velit. Maiores magni eveniet hic numquam.',1,'1989-05-25 21:53:32'),(60,13,73,'Animi et tenetur rerum. Aut exercitationem repellat sed eos quas impedit vel. Dolore voluptates at aut voluptas.',1,'1988-08-04 07:45:43'),(61,94,18,'Et eum rerum earum eos. Sapiente nulla itaque beatae dolorem. Voluptatem quia cumque aut. Aut aut laudantium quo necessitatibus. Delectus mollitia est quidem cumque.',0,'2016-11-02 18:28:17'),(62,34,98,'Error dicta aliquam velit dolores recusandae unde ut. Quasi ut officiis quod totam qui consequatur quam odit. Quia repellendus deleniti illum aut. Ut enim cupiditate natus minus.',0,'1998-11-04 15:31:37'),(63,68,100,'Nemo cupiditate enim voluptatum. Officia dignissimos voluptas rerum autem cum vitae. Doloremque ullam qui dolor voluptatem nisi explicabo. Sit quia perspiciatis sint ex ut. Illo repellendus minus facere.',0,'2001-01-20 14:43:23'),(64,32,25,'Culpa accusamus exercitationem autem. Ex soluta blanditiis illo ullam et. Ullam dolorem quam ad aut commodi rerum provident.',1,'1984-09-18 14:08:30'),(65,47,29,'Officiis dolores assumenda rerum maiores dolore iusto ut. Aliquam similique autem minima et fuga. Totam ad ut dolores facilis aut recusandae ipsam vitae.',1,'1992-05-19 07:18:54'),(66,52,100,'Soluta excepturi atque esse et aut. Quis at voluptate consequuntur illum odio eum vero quo. Eum molestias veritatis eligendi et. Necessitatibus et reprehenderit perspiciatis dolorem tempora aperiam magni.',0,'1998-01-23 13:00:35'),(67,75,95,'Modi voluptas perspiciatis tempora neque. Odit aut rerum libero animi. Et nostrum eaque autem ipsam et. Assumenda culpa omnis debitis et voluptate voluptas.',0,'1986-12-11 06:18:15'),(68,92,84,'Aperiam nemo culpa non est. Minima et quia animi magni aliquam. Sequi aliquid vitae praesentium ex vero occaecati officia. Suscipit dolore voluptatem qui quae id.',1,'1985-03-21 09:35:36'),(69,80,96,'Architecto et fuga aut blanditiis non. Officia tempore minus qui velit. Voluptates labore impedit sed rem nihil velit est.',0,'1977-02-13 14:00:53'),(70,15,75,'Recusandae occaecati ut officiis rerum distinctio nesciunt iste. Quisquam consequuntur culpa iste sit dicta reprehenderit in. Quaerat voluptatem eveniet aut quos maxime non.',1,'1992-04-21 11:33:21'),(71,89,68,'Magni possimus et aperiam et explicabo dolorum nesciunt. Quo autem provident nulla ducimus nihil quia nihil. Et tenetur enim quos totam non. Quia et accusantium vero deserunt quaerat qui.',0,'1982-09-10 03:04:42'),(72,91,93,'Labore perferendis est non consequatur eius. Ut ut molestias consequatur in ipsum.',0,'2005-12-02 12:00:05'),(73,5,5,'Eos deleniti recusandae tenetur veritatis ut sunt. Temporibus harum libero explicabo doloribus incidunt fugiat. Qui sint id alias nam quo. Molestias aut cumque et ut perspiciatis laudantium laudantium.',1,'1987-01-04 11:29:08'),(74,93,95,'Saepe et est iure excepturi doloribus iusto consectetur. Architecto recusandae dolorem consequatur. Quaerat corrupti fugit repellendus mollitia asperiores impedit. Voluptas adipisci dolorum cum et veritatis inventore eos earum.',0,'1989-11-16 14:48:26'),(75,53,5,'Sunt et eligendi consequatur alias facere quia molestias. Voluptas doloribus omnis est ipsa sequi. Id saepe rerum saepe cumque qui ipsam vel. Rerum quod assumenda eligendi libero nihil rerum itaque.',1,'2019-01-24 22:36:48'),(76,67,46,'Qui nulla sint eum et in aperiam eos. Molestias laborum dolores et porro et praesentium tempore. Eum accusamus blanditiis repudiandae natus.',1,'1994-12-11 02:27:11'),(77,22,100,'Voluptas fugit et nesciunt dolore similique voluptatem nemo. Dignissimos voluptatem aliquid molestiae aliquam deserunt occaecati porro. Fugiat nam harum culpa enim harum.',0,'1992-11-06 08:55:17'),(78,43,89,'Voluptatem eos asperiores consequatur fuga facilis. Dolor voluptate exercitationem labore consequatur. Iure ratione praesentium rerum laborum. Vel dolore illum quis consequatur laboriosam aut ad.',1,'1975-06-20 02:39:08'),(79,100,75,'Quia asperiores quia nam repellat ipsum autem sequi. Aut ad minima rerum quis itaque porro excepturi. Voluptas dolor culpa ex et nisi. Veritatis aut et eius enim et velit eum.',0,'2000-07-24 02:59:33'),(80,14,46,'Molestiae voluptatum est eos iusto dolorem labore enim odio. Vitae laborum doloremque ex rem recusandae mollitia.',1,'2000-07-28 02:32:52'),(81,4,65,'Quia ducimus neque sequi sed ad. Aut totam architecto ea dicta minima enim ut. Nihil molestias omnis aut modi. Laudantium quisquam officiis rem nisi sit. Et possimus qui aut iure a non.',0,'1975-05-12 12:25:11'),(82,46,79,'Ex molestias inventore provident. Perferendis est qui beatae omnis mollitia ea porro culpa. Doloribus repellendus omnis ratione adipisci est autem minus. Et aperiam atque qui eaque ut.',1,'1995-06-24 20:04:37'),(83,59,37,'Earum impedit facere quod qui. Nihil dolores commodi excepturi nisi alias. Id ut vero mollitia fugit aliquid atque et.',0,'1995-03-17 20:34:34'),(84,62,38,'Numquam expedita consequatur deserunt iste aut magni sunt. Dolores numquam aut quod labore rem. Quia corporis praesentium iusto aut distinctio libero.',0,'1986-05-05 03:13:46'),(85,33,76,'Maiores ipsam non aliquam delectus quo quia. Rerum eligendi eveniet rem vel. Quaerat voluptates accusamus qui et.',0,'1971-12-18 16:19:17'),(86,12,21,'Blanditiis error rem atque quam. Ut in nihil laborum earum id ut. Voluptas dolore incidunt sint maiores consequatur ut. Voluptate itaque labore pariatur accusamus officiis non repudiandae.',0,'2004-11-02 10:33:01'),(87,43,3,'Sed iure dicta expedita autem. Ipsam similique velit eveniet repudiandae qui consequuntur. Quia nemo eveniet possimus est qui dolores velit. Molestias exercitationem voluptatem quis illum quia excepturi omnis.',0,'2008-02-24 23:52:22'),(88,13,48,'Vitae consequuntur ad aut modi ipsa nihil. Qui veritatis ut ut sint quam. Cum distinctio neque tempora suscipit labore recusandae nobis praesentium. Qui nostrum dolorem voluptate asperiores officiis et. Aut quae excepturi itaque optio ea reiciendis repellat.',1,'2000-10-10 01:27:33'),(89,8,6,'Vitae doloremque officia molestias fuga ad dolor. Rerum ut error dolorem aliquid occaecati sunt totam. Ut eum minima illo et in culpa ad voluptate. Occaecati aperiam sed et.',0,'2009-04-18 17:28:01'),(90,43,60,'Provident eum aut eligendi quibusdam quia animi. Ducimus et eos quas ipsa. Aut aut a officia voluptas dolore. Neque illo ipsa vel voluptas maiores.',0,'1989-03-28 22:40:47'),(91,10,10,'Eos voluptas libero omnis doloremque. Odit laudantium enim et dolore iusto. Quia ut itaque quasi sed rem. Omnis sed dolorum eius autem quibusdam adipisci nemo.',0,'1977-02-01 20:31:35'),(92,6,32,'Inventore eos ut aperiam earum. Corrupti ea unde sunt quo aspernatur quasi. Nihil ullam quae non consequuntur id aut est.',0,'1986-11-04 03:48:45'),(93,10,49,'Quia impedit commodi perferendis sed totam assumenda qui. Placeat quo quod ut aliquid ut placeat. Reprehenderit temporibus laboriosam quia nisi velit quo a.',1,'2000-06-01 19:04:55'),(94,21,9,'Vitae magnam adipisci excepturi at commodi. Neque quod ut perferendis aliquam reprehenderit maiores.',1,'2001-01-28 07:37:49'),(95,23,34,'Maiores aspernatur ducimus in itaque nulla voluptas qui nostrum. Rerum sed cupiditate fugit quia. Rerum qui ratione ut ab non esse debitis voluptatem.',1,'1984-11-02 20:48:46'),(96,55,27,'Veniam commodi quam asperiores enim dolore aspernatur. Sunt aliquam nisi qui corrupti maiores voluptatem. Pariatur libero itaque delectus hic. Fugiat sit non ullam dicta libero.',0,'2005-02-26 10:30:46'),(97,98,100,'Ab aliquid tempora dolor numquam est quos. Reprehenderit veritatis dicta culpa ab quam repudiandae. Sed modi error nesciunt earum.',1,'1977-06-16 19:44:15'),(98,5,57,'Nemo et sequi et dolorem veniam. Et maiores aut quod maxime neque. Tempora molestiae quaerat id illo qui.',0,'1982-11-06 17:20:29'),(99,37,67,'Eveniet ut voluptas a et. Placeat quia et esse. Assumenda sequi autem porro ipsa perspiciatis. Similique aspernatur sunt nisi.',0,'1977-07-21 18:32:26'),(100,94,70,'Incidunt doloremque quisquam ullam eum velit. Dignissimos totam molestiae voluptates accusantium ut quas. Impedit incidunt facere sit ab.',1,'1988-12-04 14:53:45');
/*!40000 ALTER TABLE `messages` ENABLE KEYS */;
UNLOCK TABLES;

--
-- Table structure for table `photos`
--

DROP TABLE IF EXISTS `photos`;
/*!40101 SET @saved_cs_client     = @@character_set_client */;
/*!50503 SET character_set_client = utf8mb4 */;
CREATE TABLE `photos` (
  `id` bigint unsigned NOT NULL AUTO_INCREMENT,
  `filename` varchar(255) DEFAULT NULL,
  `user_id` bigint unsigned NOT NULL,
  `description` text,
  `like_count` bigint DEFAULT NULL,
  `created_at` datetime DEFAULT CURRENT_TIMESTAMP,
  PRIMARY KEY (`id`),
  UNIQUE KEY `id` (`id`),
  KEY `user_id` (`user_id`),
  CONSTRAINT `photos_ibfk_1` FOREIGN KEY (`user_id`) REFERENCES `users` (`id`)
) ENGINE=InnoDB AUTO_INCREMENT=101 DEFAULT CHARSET=utf8mb4 COLLATE=utf8mb4_0900_ai_ci;
/*!40101 SET character_set_client = @saved_cs_client */;

--
-- Dumping data for table `photos`
--

LOCK TABLES `photos` WRITE;
/*!40000 ALTER TABLE `photos` DISABLE KEYS */;
INSERT INTO `photos` VALUES (1,'sit',19,'Quisquam eligendi facilis deserunt consequatur et tempore ipsum mollitia. Dolor doloremque ad ex illo expedita aut. Sunt similique commodi praesentium earum ullam. Tenetur officia quaerat placeat doloremque eveniet sunt porro inventore.',417,'1972-12-04 06:18:03'),(2,'quis',19,'Et consequatur et vel blanditiis esse. Odio quidem fugit veritatis dignissimos consectetur quos dicta. Corporis est voluptatum eius tenetur nobis.',571985789,'2009-08-02 12:56:50'),(3,'architecto',17,'Beatae non quo vel. Corporis et sit et inventore officiis. Consequatur autem velit repellendus quasi temporibus fugiat.',10,'2019-01-24 02:17:55'),(4,'enim',33,'Sed et qui aperiam dolores numquam et. Molestias cum occaecati placeat ut. Qui pariatur consequatur saepe praesentium est quo voluptatum qui.',175733371,'2017-06-11 21:47:06'),(5,'illo',1,'Et esse alias odio dolores assumenda perspiciatis saepe qui. Sed illum ad debitis facere cum et illo. Necessitatibus vero omnis culpa.',5,'1986-12-29 05:22:43'),(6,'modi',35,'Maxime voluptas est in commodi dolorum qui. Eum quos aut facilis quis consectetur sed temporibus impedit. Quas neque quas aliquid non qui. Possimus sunt aliquid molestiae repellat est quasi aliquid. Voluptatum nemo dolorem unde eius temporibus eligendi.',2753789,'1988-04-25 12:58:49'),(7,'tempora',54,'Ipsa velit doloremque fugiat veniam quam qui quas eum. Omnis voluptatum aliquid eum impedit dolorem quae ipsa. Vitae aut vero odio voluptate.',807233146,'1988-09-28 06:03:17'),(8,'aperiam',43,'Itaque ut et et magni labore repellat. Quae nulla commodi aut voluptatibus saepe deserunt. Esse eius aperiam qui provident officiis modi dignissimos.',843729121,'1984-04-30 20:08:23'),(9,'reprehenderit',97,'Tempora tempora quo et qui. Ea sunt recusandae nemo omnis dolor doloremque cum. Nostrum sint dolores molestiae eligendi voluptas rerum. Magni sed reiciendis ipsa.',39586160,'2001-07-28 13:35:17'),(10,'illum',22,'Rerum dolores perspiciatis ratione doloremque nesciunt. Qui quos laborum eos nihil. Id sed et deserunt velit praesentium consequatur. Rerum minima harum quasi dolor est.',605368613,'1998-10-04 03:42:17'),(11,'dolores',68,'Sint omnis quibusdam tenetur esse esse modi. Praesentium voluptas blanditiis odio illum fuga molestias. Ipsa est voluptatem cum consequatur. Fuga delectus temporibus et quis nihil.',84478,'1974-08-19 02:50:58'),(12,'sunt',33,'Est consequatur quis ut enim explicabo architecto ea. Omnis impedit harum laboriosam rem dignissimos.',79,'1974-07-01 20:40:32'),(13,'mollitia',62,'Veritatis accusamus ut laudantium eaque atque. Sunt occaecati earum id aspernatur sed perferendis. Amet veniam et voluptatum et rerum quaerat magnam quia. Voluptas eaque voluptatem enim dolor qui autem.',0,'1991-09-24 14:16:42'),(14,'unde',5,'Laborum sint libero accusamus maxime commodi sunt minus. Soluta dolore illo blanditiis molestiae perferendis unde. Dicta consequatur rerum ducimus est. Doloribus earum voluptate magnam totam esse nobis.',59,'1980-08-28 05:41:04'),(15,'dolorum',8,'Vitae ipsa beatae quia placeat ut nisi. Distinctio cumque beatae doloremque et. Molestiae et cupiditate a enim suscipit itaque dolorem.',31231479,'1981-03-22 01:10:59'),(16,'accusantium',69,'Quae mollitia incidunt est nemo. Aut sit fugit amet quam quas est veniam. Doloribus adipisci aut qui ipsa eaque blanditiis veniam. A est quia aut minima.',3330,'1976-05-25 00:13:09'),(17,'corporis',73,'Animi molestiae molestiae unde quas sint ut. Sunt aut sit rerum rerum quis. Commodi nostrum voluptate ut et sit quis incidunt omnis. Autem eius et nihil voluptatum tenetur hic facere. Laborum a doloremque sapiente consectetur.',0,'2011-05-19 11:38:31'),(18,'est',73,'Accusamus quaerat et mollitia quia dolore eius ex consequatur. Suscipit blanditiis dolor est omnis amet eius quo quibusdam. Voluptas enim quia qui dignissimos quia sit. Vero ipsam laboriosam temporibus officia et ut inventore cupiditate.',649760,'2019-08-25 07:20:29'),(19,'voluptas',84,'Officia voluptatibus aut aliquid et quis qui adipisci aliquam. Quia amet provident ex explicabo repellat. Et quaerat ratione sunt ab nulla qui.',8238,'2020-02-19 11:26:46'),(20,'voluptas',59,'Voluptas voluptas dolor quia voluptas. Sed et et aliquam in sit debitis saepe. Quod aliquid odio fugiat ut vero qui. Autem et perspiciatis praesentium pariatur doloremque aut.',0,'1992-10-05 05:08:57'),(21,'hic',44,'Ad et et quasi distinctio culpa eos voluptatem. Facere ea qui nihil harum vel quia. Impedit quia porro quos voluptatem.',463136075,'1971-09-02 03:59:37'),(22,'quis',91,'Qui voluptas neque sit aut rerum molestias. Harum aut odit totam. Qui nobis earum repellendus nulla similique. Sapiente occaecati exercitationem impedit repellendus.',30526,'1979-12-11 04:48:02'),(23,'sapiente',84,'Sapiente nesciunt laborum minima. Similique sequi labore sint. Dolores dolor architecto eius laudantium adipisci dolor. Unde exercitationem omnis odit quidem voluptatibus. Aliquam quo temporibus aut sequi nobis qui sit.',81688,'1986-09-14 12:47:20'),(24,'exercitationem',91,'Aut eius odit rem eum quaerat est ipsum. Est est voluptatem ea placeat non architecto.',427130472,'2019-07-17 13:12:05'),(25,'aut',34,'Quaerat nihil ut cumque eveniet deserunt tempore. Aperiam consequuntur sequi rerum sapiente sed id. Et ipsa nostrum est. Totam corrupti consequatur autem libero. Voluptas rerum voluptatem excepturi sint repellat.',3,'2001-07-31 06:28:20'),(26,'totam',52,'Molestiae vitae voluptas aut. Magnam et consectetur possimus temporibus error est id.',99,'2010-01-24 18:07:19'),(27,'voluptatibus',19,'Et et saepe id. Deleniti laborum quidem aliquam voluptates inventore. Aut perspiciatis excepturi eveniet est expedita.',905,'2007-04-07 21:46:50'),(28,'consequatur',5,'Aut explicabo porro nulla ut. Aut ipsum sint reiciendis esse natus. Consectetur natus perferendis impedit corporis ipsum fugit qui. Dicta facilis et aut qui.',501,'2002-03-22 14:46:50'),(29,'iure',35,'Ea beatae reprehenderit a quis dignissimos deleniti ut. Modi fugit perspiciatis voluptatem rem id a tempora. Nesciunt natus rerum nam molestias harum quam.',0,'2006-05-16 03:28:32'),(30,'omnis',92,'Alias voluptatem ea ea magni sunt. Quia qui et soluta quo itaque dolorem tempora.',18766,'2017-07-17 21:18:03'),(31,'error',36,'Corrupti dolorum officia optio laborum est tempora ipsa consequatur. Velit eveniet odit exercitationem blanditiis. Quisquam qui fugiat consequatur dolore et quo.',1392996,'1972-08-24 09:28:08'),(32,'praesentium',54,'Quibusdam enim aliquam possimus necessitatibus. Odio fugiat tenetur reprehenderit. Occaecati est ipsum mollitia aliquam perferendis accusantium placeat. Sed asperiores aliquid consectetur distinctio. Eos nostrum modi quia ad praesentium.',15494408,'1979-09-13 19:36:10'),(33,'unde',11,'Modi animi blanditiis harum exercitationem sint. Debitis dolorum voluptatem fugit quia necessitatibus alias. Ab beatae quia exercitationem ipsam.',1276784,'1975-07-11 19:26:30'),(34,'ad',52,'Eum eos exercitationem voluptatem. Ipsa vel corrupti eum eos id laboriosam. Inventore architecto et nobis animi ipsam sint vero.',881593,'1971-10-16 15:26:29'),(35,'qui',87,'Veniam voluptatem sequi deleniti. Molestiae eum voluptates ducimus consequatur.',35940304,'1990-01-30 22:18:03'),(36,'aut',11,'Odio quidem autem aliquid minus aut deserunt vero. Soluta vero repellendus et inventore iste veniam. Omnis dolorem libero praesentium corporis omnis rerum. Saepe unde qui accusantium aut facilis.',32119,'1976-04-12 23:23:14'),(37,'tempore',87,'Et aperiam nam fugit amet fugiat corporis. Libero in itaque hic tempore repellat voluptates. Ut et quibusdam ea aut qui et perspiciatis. Minus quibusdam pariatur nihil minus eum debitis.',384286911,'2005-01-03 16:22:44'),(38,'cupiditate',40,'Dolorem omnis enim mollitia. Ea et nostrum a. Error voluptatem sed cum omnis.',63055515,'1981-08-25 12:06:52'),(39,'alias',53,'Debitis quia nihil similique sequi. Et sit excepturi est quo. Perspiciatis earum rem eum necessitatibus pariatur ullam. Ipsam ex aut recusandae magnam et.',0,'2016-03-18 04:52:14'),(40,'ratione',83,'Est inventore perspiciatis molestiae quam. Qui culpa omnis necessitatibus. Molestias hic quaerat voluptate iusto laborum qui nostrum. Ut illo est est ut ea quas.',901861685,'1978-10-02 00:54:03'),(41,'tenetur',61,'Aut fugiat iusto alias quis rerum similique pariatur expedita. Vitae assumenda consequatur odit voluptatem. Voluptates officia est voluptatem cum aut sint et. Unde occaecati vel pariatur sed aliquid occaecati.',38948,'1984-02-17 22:26:34'),(42,'quasi',21,'Illum tempora cum et et consequatur et. Alias autem voluptate incidunt et optio nihil commodi. Labore eum doloribus impedit tenetur natus laboriosam et iure. Repudiandae dolorem cupiditate in labore quam.',13148,'2018-01-06 10:28:27'),(43,'tenetur',15,'Iste provident nulla suscipit. Voluptatem vitae odio voluptas et. Alias nesciunt voluptas eum magni excepturi dicta. Voluptatem deleniti vel quis explicabo.',55,'1998-08-28 08:09:49'),(44,'explicabo',23,'Suscipit quia sequi voluptatibus ut impedit. Omnis sed saepe illum accusamus magni. Quaerat numquam quod facilis debitis eius quidem tempora. Praesentium vitae praesentium sed ipsum magnam amet temporibus quasi.',23535,'2012-10-04 18:07:24'),(45,'et',25,'Dignissimos quae laborum sunt eum sequi ab. Necessitatibus ad voluptas quo. Facilis a omnis itaque sed iure et. Facilis facere fugit sunt distinctio qui.',2874669,'1977-03-23 17:16:09'),(46,'harum',23,'Nesciunt illo cumque ratione modi eos. Et veniam modi sint consequatur. Quibusdam sed voluptas molestiae ipsam non.',221687,'2005-06-28 19:20:53'),(47,'tempora',92,'Qui qui aliquid quidem quia. Quos dolorem consequatur iure et ipsum. Laboriosam nam accusamus provident officia. Inventore error architecto voluptatem aliquid facere deserunt.',66812,'2009-12-11 08:12:31'),(48,'minima',97,'Quia est et in facere. Aut fugit officia ab deleniti libero fugiat. Fugit consequatur officiis non.',4282618,'1995-05-08 05:35:31'),(49,'et',96,'Laborum iusto nostrum officiis quidem sapiente unde. Aut nemo quasi iure voluptas consequatur. Non maxime qui nobis cum itaque id qui.',0,'2000-10-21 02:08:07'),(50,'non',75,'Magni fugit omnis dolorum et quibusdam perferendis provident. Occaecati consequatur natus porro. Consequuntur eveniet rerum alias.',68742795,'1981-04-01 03:01:43'),(51,'vel',55,'Dignissimos aperiam in assumenda provident sint doloremque veritatis. Vel sint qui tempora in dolorum quasi. Quis dolor dolor debitis consectetur et non totam. Voluptatem id dolorem eligendi voluptate ex.',86479390,'1977-02-22 09:15:50'),(52,'illum',39,'Aut beatae minima repudiandae eius ad ex sed. Aut est eos ipsam adipisci numquam tenetur cupiditate.',61,'1981-03-30 19:30:32'),(53,'reiciendis',66,'Quo tempore sit cumque id eum earum. Eaque ipsam fugiat earum laboriosam blanditiis odit quasi. Sint dicta voluptas vero nulla. Quos ad odio repellendus. Asperiores voluptatem sed et neque explicabo quod quis deleniti.',85865899,'1975-07-22 22:22:10'),(54,'animi',39,'Quia alias ab veritatis autem temporibus neque adipisci maxime. Veniam debitis fugit tempora ducimus illum quis quis. Est dolorum sint sint reprehenderit sed ipsa.',9,'1994-10-17 08:12:13'),(55,'laboriosam',29,'Enim consectetur aut cumque rerum voluptas nemo eligendi. Aliquid itaque pariatur animi et cupiditate veniam dolorum. Ratione perspiciatis nesciunt rerum et.',28337,'1995-02-02 11:38:41'),(56,'fugiat',99,'Aut fuga cupiditate eaque in non officiis. Nisi voluptatem ratione nobis enim corrupti harum aut voluptas. Velit est maxime consequatur officiis accusamus magnam eius.',90214997,'2001-10-12 01:49:47'),(57,'in',90,'Sed eaque ea aut culpa officia et nostrum. Assumenda quia ratione tenetur qui quia.',4712965,'1977-09-17 09:19:10'),(58,'expedita',47,'Ullam assumenda dolorem omnis quia molestias ut quas. Quia et et facilis ut sunt et assumenda. Maiores eveniet eveniet iusto nobis rerum vitae illum. At harum dolores occaecati rem est.',7032215,'1988-10-17 04:35:08'),(59,'debitis',4,'Veritatis blanditiis hic quaerat vel voluptas dolorem. Aliquid rem sed quos non voluptatem. Tempora mollitia quod omnis vitae quidem nulla. Veritatis quos recusandae iure quia.',0,'1997-01-02 23:21:53'),(60,'distinctio',25,'Natus nihil deserunt iste incidunt nisi officia perferendis. Ratione sunt sed sit voluptatem. Eveniet eos dolorem laborum ipsum harum vel. Natus in enim labore officiis.',8898041,'2001-06-28 16:56:59'),(61,'itaque',39,'Maxime sit ipsum aperiam qui facere nesciunt. Ad saepe labore eum ut amet. Aut repellendus sed cum quisquam unde aut iure aliquam.',6721450,'2005-09-22 13:13:55'),(62,'fugit',39,'Illo quisquam quam id facere nobis et laborum. Maiores impedit optio rerum. Impedit enim et provident iure maiores necessitatibus voluptatem. Eum deserunt nesciunt quis.',60409,'1982-08-01 07:29:11'),(63,'vel',79,'Soluta magnam aut placeat reiciendis perspiciatis aperiam. Non sed aspernatur ea ex quia placeat voluptates.',239,'2014-08-15 08:32:51'),(64,'est',49,'Facilis natus est tempore. Porro nam exercitationem nobis quasi. Vero dicta sed est sunt.',24,'2005-12-09 16:38:17'),(65,'aliquid',91,'Autem et sapiente soluta sit nostrum ad sunt. Repudiandae explicabo fuga voluptatibus quam sit voluptas. Eaque est odit hic dolore ab fugit.',6080530,'1984-09-12 17:13:48'),(66,'laudantium',65,'Beatae eum nihil aut labore. Minus et atque molestiae eaque harum. Quis officiis occaecati ut reiciendis in hic. Animi vero incidunt deserunt autem.',689148,'2003-10-26 04:28:45'),(67,'corporis',60,'Velit ratione quas vero aspernatur nobis commodi error consequatur. Saepe porro recusandae et laudantium id. Dignissimos eos similique et sint sit et ut. Natus laborum similique error in quae sunt nemo optio.',3251564,'2016-12-04 16:34:52'),(68,'neque',77,'Perspiciatis saepe nam labore sequi provident harum deserunt itaque. Quas ipsam sed alias vel laboriosam. Voluptatem beatae voluptatem et.',828777,'1988-09-21 06:41:51'),(69,'rem',5,'Ut cumque ad tempore non. Sint quae totam est dolorem odit enim.',91,'1992-09-03 18:38:17'),(70,'vero',12,'Libero quidem optio quia. Occaecati voluptatem sed quae nesciunt officia officiis. Et non molestias deserunt harum. Voluptatum similique qui ut ut alias.',7642,'2013-11-10 04:14:58'),(71,'consequatur',60,'Aut cum ducimus et itaque repudiandae. Molestiae modi ex magni culpa. Doloribus esse sunt quia ex exercitationem. Sequi accusamus natus aliquid repellendus necessitatibus consequatur sapiente.',877,'1982-01-13 18:35:49'),(72,'fugit',66,'Omnis magnam quasi cum eveniet quisquam. Voluptatem sed maxime ut nam. Ut cupiditate molestias ducimus eligendi a delectus aspernatur error. Autem error et aliquam magnam earum. Magnam et qui eos ad maiores.',0,'2007-09-12 07:25:57'),(73,'sint',33,'Quisquam nobis necessitatibus nam eos sunt enim dicta. Qui eius incidunt mollitia. Laudantium voluptas et maiores modi fuga doloremque incidunt et.',664358,'2020-10-21 06:36:30'),(74,'qui',75,'Deserunt ea eos dolor quo. Impedit quam mollitia nihil quam. Quaerat nihil tempore ipsam unde qui vitae fugiat. Et id ipsum minima alias molestias sunt.',1713,'1971-02-11 14:14:11'),(75,'veritatis',89,'Debitis cupiditate magnam eaque. Consequatur eum et consequatur consequuntur nisi et libero. Ipsa non odit sit odit quidem accusamus quo.',63,'1989-05-03 22:12:22'),(76,'ducimus',57,'A voluptatem sed voluptates eum. Provident inventore quaerat non et sint repudiandae unde. Quia minus ipsa rerum perspiciatis aliquam. Rem eum voluptates dolore odit perspiciatis vitae ducimus. Expedita quod est cum quo iure.',0,'2005-06-04 20:16:29'),(77,'vel',97,'Accusamus et suscipit dignissimos neque nihil est. Debitis dolor non et fugit et ut esse ipsum. Laboriosam aliquam et et facere praesentium necessitatibus. Ducimus dolor optio quo corporis nihil.',93471168,'2005-01-28 14:45:10'),(78,'nisi',80,'Et ex voluptates dolore animi. Animi exercitationem quo at molestiae reprehenderit velit. Est maiores itaque animi nemo enim vel accusantium.',0,'1973-02-15 02:18:05'),(79,'ut',54,'Voluptas libero nisi aut qui provident autem. Et et asperiores dolore excepturi optio dolore sint. Rerum dicta est corporis nostrum minus. Sed assumenda commodi voluptatem recusandae culpa laborum.',0,'1983-07-05 19:07:18'),(80,'a',92,'Molestiae in repellat enim sed. Ipsa facere voluptatem occaecati voluptatem placeat facilis deleniti. Iste similique sunt quam sunt impedit voluptatem. Et at asperiores cupiditate sit quia nesciunt.',792850,'1980-03-13 13:01:43'),(81,'eum',54,'Similique quo nisi laudantium excepturi. Et recusandae sit nam sed in ducimus repellendus. Molestiae numquam eligendi debitis quibusdam.',60977012,'1994-11-27 02:10:39'),(82,'ex',9,'Quo expedita a exercitationem. Nam et quo illo. Et magnam tenetur odio sit autem quasi. Enim et voluptates ut.',153446,'2020-10-02 12:53:54'),(83,'suscipit',30,'Voluptatum autem iure incidunt fuga. Molestiae rerum sunt mollitia earum.',4,'1976-10-03 04:57:06'),(84,'maxime',19,'Sunt non delectus qui tempore asperiores id. Labore culpa aliquam numquam quo voluptatum facere veniam culpa. Qui molestiae velit vel harum molestiae. Adipisci temporibus dolor non mollitia.',3,'1993-07-11 02:42:47'),(85,'repellat',47,'Repellat fugiat quos in mollitia molestias maxime dolores. Eaque est accusantium aliquid nulla. Incidunt velit cupiditate magni est voluptatibus aut. Sit officiis sapiente libero ut laudantium.',77434,'1991-02-20 15:54:39'),(86,'ut',59,'Reiciendis non blanditiis nobis sit. Dolorem quia accusantium perspiciatis et voluptatem. Dicta esse unde voluptas quasi.',68,'1998-07-27 21:33:04'),(87,'est',18,'Voluptate ea numquam ipsam dolorem iste necessitatibus fugiat. Ut velit voluptatem sunt officiis animi dolores. Error ea eveniet ut fuga mollitia corporis facilis.',819,'2002-04-23 20:25:09'),(88,'voluptatem',37,'Repellat est assumenda necessitatibus voluptatem molestiae harum fugit. Corporis quam officia quo enim. Eos nostrum et et. Optio suscipit quia maxime laborum ab alias sapiente.',86987274,'1977-07-11 02:57:21'),(89,'omnis',6,'Expedita unde quia aut assumenda. Sed iure sequi et omnis voluptatem necessitatibus inventore aperiam. Error minima repellat repellat qui est voluptas iusto. Fugiat molestiae qui accusamus.',7,'2004-11-23 02:24:55'),(90,'amet',21,'Labore consequuntur numquam deleniti eius. Sed autem vitae et non unde. Est dolore in aut et consequatur aliquid nihil. Et impedit totam omnis aut aspernatur sit.',408,'1977-07-29 00:18:38'),(91,'eum',62,'Aut et molestias et fuga quam aliquam atque sed. Optio omnis voluptate odio suscipit rerum quae voluptas. Assumenda voluptatem molestias corporis eos ut ipsum incidunt. Ea omnis id nostrum qui.',902,'2006-04-28 09:54:28'),(92,'et',44,'Quod consectetur vel id ab nihil. Autem eius et modi quisquam itaque ullam doloribus. Non tenetur temporibus consectetur at nulla. Vel nesciunt dolores suscipit.',1808320,'1981-10-06 15:52:36'),(93,'delectus',59,'Pariatur eum aut quidem voluptatem nisi. Et provident consequatur alias quis deleniti. Blanditiis officia in voluptatum nostrum repellendus aut. Incidunt ducimus impedit sint magnam eaque perspiciatis. A pariatur totam iure dolores cupiditate laborum.',0,'1971-09-17 13:41:54'),(94,'molestias',40,'Animi deserunt omnis blanditiis eos explicabo ducimus perspiciatis. Vel ipsa dolor ea voluptatibus quis et. Corrupti perferendis voluptatem labore illo voluptatem deleniti commodi. Dolor illo delectus quaerat qui quae voluptatibus.',17,'2001-11-03 11:56:46'),(95,'est',93,'Qui est est nostrum eveniet rem. Recusandae architecto et enim ullam consequatur iste. Nobis ea enim sint voluptatum sed voluptates. Dolore corporis doloribus accusantium velit. Voluptatibus facilis in harum qui quas aut accusantium.',6257070,'1998-06-20 17:19:11'),(96,'similique',50,'Accusamus quisquam et ut odit. Quae dolores est modi hic corporis aut aliquam. Ea excepturi ipsa nesciunt ullam aut quia et aut. Illum sunt qui laudantium est.',874,'1979-07-29 09:49:05'),(97,'deleniti',5,'Natus explicabo alias nemo hic. Iste natus rerum aut sed soluta alias occaecati. Voluptatem a numquam nihil aut in atque sapiente voluptatem.',914132,'1978-09-05 09:06:46'),(98,'doloribus',52,'Harum in aliquam et modi. Et distinctio aut laborum dolor temporibus quia.',0,'2001-09-26 11:42:38'),(99,'dolorem',27,'Perferendis quibusdam facere neque aut fuga a. Totam eos illum eum vel. Consequuntur assumenda dolorum repellendus occaecati.',162,'1995-11-18 00:18:08'),(100,'similique',10,'Non ullam veniam cumque magnam repudiandae sequi velit. Ut consectetur sed consequuntur et nihil magni soluta magnam. Pariatur harum molestias a veniam. Quam nemo quos et et quo dolor.',12330188,'1982-12-24 20:18:29');
/*!40000 ALTER TABLE `photos` ENABLE KEYS */;
UNLOCK TABLES;

--
-- Table structure for table `posts`
--

DROP TABLE IF EXISTS `posts`;
/*!40101 SET @saved_cs_client     = @@character_set_client */;
/*!50503 SET character_set_client = utf8mb4 */;
CREATE TABLE `posts` (
  `id` bigint unsigned NOT NULL AUTO_INCREMENT,
  `user_id` bigint unsigned NOT NULL,
  `post` text,
  `attachments` json DEFAULT NULL,
  `metadata` json DEFAULT NULL,
  `like_count` bigint DEFAULT NULL,
  `created_at` datetime DEFAULT CURRENT_TIMESTAMP,
  `updated_at` datetime DEFAULT CURRENT_TIMESTAMP ON UPDATE CURRENT_TIMESTAMP,
  PRIMARY KEY (`id`),
  UNIQUE KEY `id` (`id`),
  KEY `user_id` (`user_id`),
  CONSTRAINT `posts_ibfk_1` FOREIGN KEY (`user_id`) REFERENCES `users` (`id`)
) ENGINE=InnoDB AUTO_INCREMENT=101 DEFAULT CHARSET=utf8mb4 COLLATE=utf8mb4_0900_ai_ci;
/*!40101 SET character_set_client = @saved_cs_client */;

--
-- Dumping data for table `posts`
--

LOCK TABLES `posts` WRITE;
/*!40000 ALTER TABLE `posts` DISABLE KEYS */;
INSERT INTO `posts` VALUES (1,6,'Amet sed sit quo architecto ullam commodi et. Animi soluta laudantium velit cupiditate recusandae enim non. Impedit asperiores omnis culpa voluptas quia non. Quasi aspernatur cum enim est voluptates sit vel suscipit.',NULL,NULL,5651,'2020-09-02 11:56:37','2010-10-08 10:19:35'),(2,86,'Repellat quis rem est nostrum voluptatibus. Et et cum et non veniam. Mollitia quod optio sit hic voluptatibus. Adipisci cumque est tempora nihil cumque nihil. Consectetur voluptatem at id cupiditate exercitationem.',NULL,NULL,1,'1999-07-29 14:08:46','1984-05-09 00:01:52'),(3,63,'Ullam ad omnis similique et dolorem alias. Maiores consequatur quidem et sit. Quod dolores ut aut quia.',NULL,NULL,3,'2015-12-04 15:51:19','2018-04-10 07:53:10'),(4,35,'Cupiditate modi autem quas est repellendus ea. Sint ea adipisci sed temporibus neque. Numquam qui quam aliquam quia reprehenderit at rerum unde. Et consectetur labore quis id dolorem.',NULL,NULL,726546879,'1998-04-17 08:20:34','2006-07-25 00:24:21'),(5,84,'Earum nemo aliquid aliquid. Laudantium maiores et quis ducimus. Fuga dolorum ducimus distinctio ullam eveniet dolorem. Est est ut vero debitis dolore possimus.',NULL,NULL,0,'1991-07-15 08:40:46','2008-03-02 22:45:46'),(6,20,'Dolorem ut rerum deleniti ullam cumque repellat ipsum. Quia ut consectetur officia molestiae dignissimos nulla ipsam minima. Adipisci dicta incidunt molestiae nostrum ex voluptatem rerum. Optio cum dolorem quibusdam quae.',NULL,NULL,62797193,'2007-08-05 16:20:47','1976-04-08 10:43:42'),(7,88,'Aut aut rerum placeat quam quo voluptate. Corporis soluta consequatur reprehenderit fugit voluptas enim. Id maiores aut iusto dicta consequatur fuga rerum consequuntur. Harum voluptatem accusamus earum quis consequatur dolor. Ratione repudiandae et aut est ipsum.',NULL,NULL,995580423,'2016-08-21 12:20:55','2007-02-27 19:20:08'),(8,49,'Quisquam et necessitatibus eaque accusantium dolores. Amet et voluptates aliquid similique odit in. Alias nihil in id esse quod et molestias ut. Enim nam aperiam qui rem omnis quos.',NULL,NULL,502291,'2019-06-02 13:45:58','2009-10-16 18:26:57'),(9,44,'Molestiae ad voluptas molestiae cumque totam autem ad ducimus. Nisi repellendus est qui molestiae odit a odit. Qui non consequuntur quibusdam. Iusto totam perspiciatis blanditiis quod labore.',NULL,NULL,6,'2013-04-08 21:11:10','2012-01-05 10:29:19'),(10,2,'At quo impedit commodi quo aut assumenda. Quis autem vitae consequuntur eum saepe hic commodi. Optio mollitia unde optio ut cupiditate sit ut.',NULL,NULL,5100,'1995-03-02 06:21:57','1990-12-27 23:36:57'),(11,23,'Laboriosam autem veritatis distinctio voluptates. Tenetur voluptates id amet porro sit iste deserunt. Animi quaerat vero eos dicta a. Praesentium nihil iure qui eveniet dolorem minima.',NULL,NULL,7462234,'1980-09-29 07:07:59','2009-10-06 02:40:36'),(12,80,'Aperiam exercitationem blanditiis quis quasi blanditiis dolore. Praesentium est ducimus maxime ut reprehenderit et. Ea assumenda et aut.',NULL,NULL,4,'1996-12-17 07:49:34','2012-04-04 16:27:07'),(13,50,'Non qui qui consectetur veniam fuga nisi. Atque beatae blanditiis dolores libero. Voluptatum et eligendi porro ducimus rerum. In exercitationem odit delectus consequatur quod earum soluta.',NULL,NULL,569205,'2010-02-26 17:31:18','1994-12-04 13:02:49'),(14,34,'Quaerat qui quis sed similique. Dolores ut nihil fuga sint fugiat est. Nemo fuga fugiat assumenda incidunt. Molestiae in odio quidem quia.',NULL,NULL,24271,'1978-02-18 01:14:57','1980-10-18 07:44:30'),(15,69,'Qui ipsa et natus qui sint enim aliquid perferendis. Eos aut minus amet eaque harum. Omnis cumque incidunt voluptatibus consequatur.',NULL,NULL,2,'1970-06-29 19:23:21','2010-02-10 19:11:34'),(16,65,'Corporis nihil dicta fugit. Quo quia sint aut dolor voluptatem voluptatem. Beatae temporibus quia illo voluptatum quidem. Assumenda corporis molestiae ipsam et.',NULL,NULL,36085965,'1985-05-02 15:38:44','1974-03-24 10:20:49'),(17,93,'Magni aut est est rerum. Voluptatum iusto mollitia deleniti officia dolor adipisci. Id aperiam fuga libero aut.',NULL,NULL,602,'2004-10-09 18:08:24','1993-09-19 22:36:20'),(18,78,'Occaecati est sit consequuntur ipsa ut. Voluptatum ut dolor dolorum impedit tempore quo maiores. Nesciunt non dolorum omnis et similique. Voluptates velit impedit iusto eius eos.',NULL,NULL,36,'1993-06-07 15:21:35','2001-05-28 22:43:29'),(19,9,'Perspiciatis atque aut fugiat. Et distinctio corporis saepe minus enim consequatur nobis error. Ducimus eum unde et praesentium et iste cupiditate. Veritatis ipsam fuga molestias quis ullam mollitia alias.',NULL,NULL,956028892,'1993-10-12 00:25:46','1984-06-02 19:40:27'),(20,86,'Deserunt ducimus laudantium aut. Iusto suscipit vero voluptatem dolores molestias sint tenetur. Est qui voluptate accusantium quia totam doloremque amet laboriosam.',NULL,NULL,838941024,'1975-02-05 02:34:25','1970-01-23 10:26:37'),(21,17,'Quae inventore sed hic aliquid omnis. Fuga aperiam sint officiis est sint. Sed et eligendi atque laborum adipisci rerum debitis ipsam.',NULL,NULL,571,'1999-08-01 09:16:35','2016-11-09 17:06:46'),(22,19,'Nemo ut ipsam sunt cum ex autem illo dolores. Ratione aliquid eos necessitatibus quasi fuga est necessitatibus. Eaque adipisci distinctio et et. Ex non ratione nobis reiciendis ullam fuga.',NULL,NULL,1946,'2005-10-22 19:10:34','2014-11-03 23:53:27'),(23,44,'Deleniti pariatur ullam a. Dolor optio aut laudantium at et. Illum consequatur quos aperiam laborum.',NULL,NULL,512852814,'2013-03-18 09:53:10','1986-10-03 20:44:25'),(24,20,'Sit iure ea et. Dicta deserunt optio minima alias reiciendis recusandae sint voluptatum. Est incidunt recusandae perferendis est est. Eius numquam laudantium maiores ut harum.',NULL,NULL,82454,'1995-11-27 05:57:08','2006-05-11 06:21:16'),(25,19,'Quia qui vel quo. Recusandae esse eius molestias velit ea. Harum repudiandae et quasi aut ad blanditiis. Repellat saepe minima ipsam quam.',NULL,NULL,69367488,'2006-04-29 07:51:34','2004-02-05 03:04:47'),(26,99,'Ut ipsa magnam dolore distinctio. Ipsum facilis molestiae dolor molestias qui corporis cumque. Ullam dolorum dicta est. Omnis et est dicta odio labore.',NULL,NULL,189293,'2002-12-16 10:19:40','2002-09-04 20:31:38'),(27,47,'Nesciunt corrupti voluptate error dolor dolore. Cupiditate soluta reprehenderit expedita. Error consectetur veniam cumque quibusdam voluptatem ut alias. At in qui ea quo asperiores quaerat sed deserunt.',NULL,NULL,4,'1984-08-22 00:48:22','1987-12-09 03:46:06'),(28,14,'Ut inventore molestias voluptatem officiis explicabo quae. Fugiat odio deserunt incidunt et. Eaque dolores omnis vero.',NULL,NULL,547,'1998-01-18 04:38:06','1992-07-23 22:40:30'),(29,11,'Distinctio rerum dolores dolores natus. Deserunt doloribus nostrum quia natus maiores amet voluptatem.',NULL,NULL,6121,'1990-04-06 16:38:59','2020-03-09 10:24:48'),(30,24,'Sed porro non velit fuga itaque alias laudantium. Fugit reiciendis quia ex. Blanditiis aperiam qui voluptatem ratione et non ut. Id at mollitia aspernatur quis ea et.',NULL,NULL,87861923,'1980-03-16 18:26:43','1982-07-09 19:11:15'),(31,17,'Eos earum voluptas sapiente quam. Eum earum numquam fuga ipsam veritatis ipsum. Suscipit sit quia quis animi veritatis sunt.',NULL,NULL,345282460,'2013-07-16 00:30:21','1984-09-22 21:46:11'),(32,17,'Et distinctio ab non animi totam sit. Dolorem harum suscipit similique exercitationem. Repellendus voluptatibus est et neque aut dicta est.',NULL,NULL,40990,'2015-08-08 20:17:15','2004-11-20 04:03:54'),(33,10,'Et dicta ipsum eveniet non dolore dolor omnis occaecati. Itaque recusandae est debitis. Quia saepe nostrum nobis et deserunt alias rerum. Nobis ex modi id id deserunt officiis rem.',NULL,NULL,9508625,'2016-01-25 15:00:41','1971-05-28 03:31:42'),(34,80,'Incidunt velit repudiandae laudantium ratione nihil et. Nihil et exercitationem vel. Cum a sunt qui autem quasi voluptas.',NULL,NULL,94146060,'2008-10-26 21:58:15','1973-04-18 11:23:04'),(35,52,'Iste animi enim voluptatem voluptas nemo. Ipsam aut nihil voluptatum ad blanditiis. Aut est quas ut voluptatibus repellendus. Corrupti assumenda ut harum accusamus expedita qui et qui.',NULL,NULL,94,'2011-04-21 03:43:59','2013-07-27 03:25:53'),(36,94,'Neque recusandae est aspernatur aut asperiores aut rerum. Est labore omnis iste animi unde eum et. Optio eaque praesentium aut magni corporis sequi accusantium.',NULL,NULL,0,'1987-10-13 21:36:42','1988-07-12 12:37:19'),(37,100,'Optio excepturi possimus autem. Nisi veniam dignissimos modi est sequi voluptatem nulla. Recusandae quod architecto ea consequatur. Ducimus iure molestias reiciendis odio.',NULL,NULL,72240018,'2001-04-29 13:47:52','1975-08-15 13:44:21'),(38,39,'Eaque nemo consequuntur dolore praesentium non. Error recusandae dolore nihil vero ut molestias asperiores dolores. Maxime quos magni omnis consequuntur.',NULL,NULL,895901,'1985-08-07 03:05:31','1992-02-12 23:50:21'),(39,42,'Animi sunt veniam eos commodi. Cum nemo asperiores non. Sit aut id ea ducimus velit illum ratione.',NULL,NULL,0,'2016-04-06 12:39:27','2012-08-18 08:01:41'),(40,43,'Fuga facilis corrupti eos iure ipsum autem. Possimus in qui officia et. Sunt provident et iure. Suscipit non recusandae exercitationem.',NULL,NULL,36,'2011-02-28 17:47:50','2006-10-11 01:43:39'),(41,41,'Sint enim est voluptas dolorem ab. Quisquam quod delectus ducimus quis. Ut et eius et. Dolor dolorum nobis nulla ratione facere molestias velit reprehenderit.',NULL,NULL,0,'1972-12-19 19:57:48','1974-02-09 16:16:14'),(42,64,'Non voluptate voluptates possimus atque necessitatibus quo. Minus ipsa magni sequi aspernatur dolorem et tempora. Molestias id et libero praesentium omnis error.',NULL,NULL,1,'2011-01-08 16:17:14','1999-03-06 00:28:24'),(43,22,'Sed et voluptas rem. Doloremque atque architecto assumenda facilis necessitatibus. Aperiam reiciendis recusandae hic.',NULL,NULL,34516,'2018-05-11 08:56:29','2018-04-02 18:25:35'),(44,91,'Et sit et dolor neque. Hic optio facere dolorem facere minima.',NULL,NULL,3136,'1982-06-15 03:11:08','1986-10-12 14:36:04'),(45,97,'Accusantium voluptas vitae veritatis facilis qui doloribus voluptate. Repellendus et sapiente qui voluptas fugit soluta. Hic omnis aut et vel ad.',NULL,NULL,7381,'1998-05-01 13:51:55','1999-12-10 06:15:59'),(46,91,'Ipsa possimus rem beatae dicta eum rerum. Exercitationem reiciendis soluta asperiores temporibus voluptate rerum aut. Sed voluptas harum eaque molestias et doloremque consequatur exercitationem. Sunt sunt consequatur neque nostrum quos nisi ut.',NULL,NULL,2159,'2001-12-13 07:45:22','2012-08-22 01:38:56'),(47,55,'Tenetur natus recusandae et hic. Quos dolores facilis aut incidunt eaque. Maxime qui eligendi et fugit.',NULL,NULL,32831,'1977-08-18 21:30:00','1997-12-16 10:41:10'),(48,90,'Nihil voluptate nihil nobis officia et consequatur quos. Hic ut similique sed qui error eos. Quam corrupti sit voluptatem quia dolorum.',NULL,NULL,122,'1985-06-19 05:41:28','2003-02-06 08:38:03'),(49,68,'Doloribus laudantium aspernatur at suscipit fugit. Aut cupiditate vel eos illum. Nemo mollitia sed quibusdam aut sit voluptas.',NULL,NULL,52,'1973-10-17 10:38:18','1982-02-10 23:21:38'),(50,64,'Quo amet ea eligendi voluptas saepe ex. Omnis praesentium blanditiis perspiciatis voluptatem nesciunt. In qui excepturi perferendis ut sit fugiat magnam.',NULL,NULL,594459502,'2020-07-31 03:32:58','1971-07-01 14:48:11'),(51,76,'Voluptate voluptatem dolorum et saepe possimus tenetur. Quae nulla laborum animi vel unde eligendi. Est hic sed dolor molestiae expedita tenetur. Velit saepe impedit quidem vitae doloremque est corrupti voluptates.',NULL,NULL,75888,'1993-11-11 15:11:04','1987-10-24 11:39:11'),(52,85,'Rerum nisi expedita est sint corrupti. Suscipit non saepe temporibus qui quisquam sint.',NULL,NULL,0,'1972-01-08 08:29:15','2010-12-02 23:11:35'),(53,82,'Magnam aut provident voluptate sit ut inventore ut. Maiores quia aliquam ut. Dolore quam dolorem vero reprehenderit reprehenderit.',NULL,NULL,9640716,'2019-07-01 22:42:05','1985-01-21 21:19:43'),(54,19,'Atque illo ex eaque quisquam provident odit totam. Esse reprehenderit adipisci possimus sed at dolorem ut. Occaecati ut laudantium temporibus aut velit non officia. Nihil sunt voluptatem voluptas aut laudantium.',NULL,NULL,0,'2007-07-11 17:41:21','1977-09-13 15:12:55'),(55,4,'Aut qui inventore at qui. Facere a voluptas optio eum et et saepe. Molestias magni minima est. Excepturi pariatur quia recusandae placeat qui vero dolorum.',NULL,NULL,150699437,'2017-12-14 00:22:20','1982-03-10 05:59:26'),(56,1,'Unde ad reiciendis officiis exercitationem nostrum temporibus. Excepturi temporibus facilis mollitia voluptatum rerum doloremque. Aut praesentium minima commodi laudantium iure et quis.',NULL,NULL,328584,'1989-05-02 07:56:06','1998-03-02 00:34:47'),(57,18,'Accusamus consectetur sed eveniet consequuntur vitae possimus neque dolorum. Voluptate quisquam et eligendi dolor neque in est voluptatem. Natus corporis laboriosam laboriosam nihil. Sunt numquam accusamus eligendi non omnis corrupti omnis id.',NULL,NULL,17,'1971-02-02 08:26:55','1979-10-31 20:43:06'),(58,51,'Dolor qui nihil et ducimus repellat corporis rerum repudiandae. Sit eveniet animi nihil temporibus sed. Nulla vero dolorum quae dolorem animi ipsum molestias.',NULL,NULL,6,'1986-03-01 06:24:49','1999-01-07 07:38:39'),(59,15,'Sint ipsa non ea aspernatur laborum dolore alias. Facere distinctio nobis eum corrupti soluta illo. Eius nobis ut placeat consectetur eius voluptatem. Id quibusdam culpa dolores aut.',NULL,NULL,1981512,'1983-10-17 06:50:10','2018-06-02 21:34:33'),(60,29,'Eveniet magni molestiae provident dolor. Aut et fugit et cum beatae. Officia sint quas vero ut corrupti. Sit officiis quaerat exercitationem ex tempore asperiores.',NULL,NULL,615,'2007-01-26 20:17:59','2010-11-27 04:52:36'),(61,75,'Sit nihil et beatae minus. Atque maxime et facere facere consequatur voluptatem illum. Explicabo est dolores qui a. Sequi quibusdam quo in corrupti qui est quisquam aut.',NULL,NULL,0,'2015-06-05 21:06:55','1998-02-22 00:22:54'),(62,31,'Repudiandae et inventore iusto officiis dolore quia. Voluptate quo dignissimos omnis officiis libero accusamus. Autem dicta quo aut excepturi similique aut temporibus.',NULL,NULL,2,'2007-12-02 20:06:23','2002-01-03 11:33:22'),(63,45,'Fuga sit commodi sapiente sed eligendi voluptas dolorem aut. Molestiae officia eos quia ducimus. Odit enim atque voluptas repellendus sed. Nobis ex fugit minima explicabo. Deleniti delectus eos mollitia adipisci et.',NULL,NULL,851691,'2014-01-18 01:01:29','2005-08-15 12:08:10'),(64,84,'Perferendis accusamus vel rerum in sapiente et nostrum. Quasi natus facere animi doloremque. Molestiae minima veritatis nesciunt aut provident provident odit.',NULL,NULL,26959699,'2012-01-21 09:56:17','1987-02-07 10:18:39'),(65,11,'Exercitationem atque fuga ipsum ut at nisi. Eaque in consectetur cum quaerat quasi et. Officiis consequuntur ut aspernatur id sit ex optio.',NULL,NULL,3086333,'1992-10-26 18:28:22','1980-04-11 16:44:07'),(66,97,'Molestias et mollitia enim et aliquam dolorum. Esse est cumque asperiores porro quis harum et. Mollitia et dolores rem ut.',NULL,NULL,4747847,'1978-05-20 05:47:12','1971-08-21 09:27:29'),(67,77,'Possimus voluptatibus eius ducimus consectetur repellat. Provident praesentium corrupti voluptate. Et soluta voluptatem sed voluptas provident.',NULL,NULL,271,'1985-12-24 14:10:27','2016-12-07 16:57:52'),(68,10,'Ea nesciunt vero ipsam et sit. Quia omnis ratione soluta quisquam vitae rerum eveniet. Tenetur omnis et quia aut. Necessitatibus quo inventore maxime id veritatis. Sed et blanditiis totam reprehenderit qui dolor eius.',NULL,NULL,15910,'1973-05-09 00:56:14','2012-09-19 13:41:13'),(69,36,'Aliquid facere sit dolorum expedita. Facere amet nesciunt quasi sit dignissimos.',NULL,NULL,314,'2001-05-23 00:20:57','1974-05-06 18:02:36'),(70,18,'Sed sit qui repellat ab sit voluptatem. Voluptas nostrum itaque ut ipsum. Nostrum aut eius ea ut. Quia harum aperiam deleniti neque.',NULL,NULL,9219249,'2014-11-06 23:22:52','2004-10-01 11:41:48'),(71,53,'Iusto totam sed sit quo doloremque et nihil. Et quibusdam est quo dignissimos nostrum. Dignissimos ad occaecati fugiat excepturi. Consequatur commodi delectus a aut.',NULL,NULL,3762190,'1973-02-25 08:26:57','1972-12-11 03:13:26'),(72,76,'Necessitatibus sit molestiae quia dolorum illo porro nulla. Est est perferendis molestiae. Nesciunt architecto impedit libero.',NULL,NULL,9,'2014-11-20 03:13:44','1990-12-28 02:59:58'),(73,82,'Consectetur harum perspiciatis nemo accusamus sint non. Odit perspiciatis est temporibus. Porro nobis tenetur possimus non voluptatem laborum dolor. Numquam officia corrupti tempora ullam et.',NULL,NULL,809074,'1990-09-23 17:06:02','1998-03-28 17:29:31'),(74,75,'A pariatur voluptate perferendis provident libero tenetur. Non enim labore necessitatibus quam recusandae rerum accusantium. Rem ullam et voluptatem voluptates in.',NULL,NULL,0,'2008-12-05 13:14:49','2003-09-02 23:03:49'),(75,67,'Earum debitis quaerat voluptate voluptate autem maiores dolorem. Temporibus ut est est omnis occaecati adipisci eligendi iusto. Illum nobis iste tempora praesentium. Quos sed veniam non ad.',NULL,NULL,221692315,'1991-08-09 18:23:36','1978-04-25 14:01:08'),(76,78,'Voluptatem aperiam rerum cumque impedit. Commodi sed repellat et inventore error blanditiis.',NULL,NULL,45,'1971-05-06 02:56:25','1976-01-18 11:04:29'),(77,65,'Amet laboriosam eum tempore sed eaque et vero. Error numquam magni veniam autem atque eaque sint optio. Velit velit nulla laborum ratione.',NULL,NULL,58839242,'2012-01-16 04:29:09','2006-10-28 14:31:25'),(78,22,'Quod rerum et consequuntur reprehenderit consequatur. Est consequatur asperiores veritatis tempore. Eos sunt in recusandae corrupti aut nulla ea.',NULL,NULL,5159256,'1998-10-01 01:50:25','2010-11-24 08:22:41'),(79,67,'Odio exercitationem assumenda omnis enim aliquam nobis. Non est sit sit ipsa officia a vitae. Quibusdam non ut aut ut officia. Aut id ipsa totam nisi voluptates.',NULL,NULL,21218112,'1972-05-12 14:16:37','2003-06-01 00:01:18'),(80,33,'Ut vel aliquam qui odio aliquam molestias nam. Consequatur et optio exercitationem fugiat rerum. Similique autem asperiores nulla. Aut et ipsa tempora nisi alias itaque.',NULL,NULL,98624,'1981-04-13 07:45:03','1987-08-21 16:35:39'),(81,86,'Quia laudantium voluptates velit enim veritatis a alias. Ex voluptas qui officiis voluptates aut dolor. Dolores porro et quo voluptas nisi voluptate nesciunt.',NULL,NULL,0,'2012-08-26 15:11:10','1973-03-27 00:21:03'),(82,42,'Iste quod et asperiores illo voluptate nulla rerum. Quia quas deserunt repellat error. Quia non perspiciatis amet voluptatem eum error iste.',NULL,NULL,5886379,'2006-03-31 20:26:57','1990-02-04 22:26:13'),(83,17,'Sit suscipit dolore ad eaque optio nesciunt et mollitia. Ea maxime numquam et non. Illo repudiandae hic iure modi iste.',NULL,NULL,3675768,'1971-06-29 22:45:30','2012-01-10 11:07:41'),(84,67,'Qui laudantium iure eos rerum nulla. Repellat laudantium voluptas est fuga ut dolorum eum. Excepturi accusantium quis explicabo maiores recusandae nulla. Est at tempora rerum enim. Quia rem aut autem at quibusdam totam nisi.',NULL,NULL,9731480,'2006-08-19 01:20:48','1976-09-10 21:09:49'),(85,61,'Aperiam in dolores alias cumque rem ipsa error. Aut odit quas voluptatem quia aut quidem et amet. Eos voluptatum voluptatem voluptatem voluptas est.',NULL,NULL,49726,'2006-06-10 09:01:00','1987-11-08 07:44:16'),(86,21,'Natus cumque sunt culpa sunt est accusantium porro. Ab neque in aut sed architecto reiciendis.',NULL,NULL,1,'2015-11-23 12:29:29','1971-09-26 14:17:44'),(87,68,'Sapiente molestiae non perferendis qui. Est voluptatum autem animi debitis minima saepe aut. Enim quis velit maiores iste. Nisi pariatur natus est incidunt delectus aut blanditiis magni.',NULL,NULL,3,'1989-01-29 04:05:05','2014-06-29 04:17:15'),(88,79,'Ducimus temporibus quasi odio delectus saepe. Possimus velit doloribus dolores. Hic nisi officiis omnis quia voluptatibus. Sunt libero aliquam quis qui est.',NULL,NULL,161254699,'1996-04-08 03:51:09','1973-12-29 15:59:43'),(89,71,'Et deleniti consequatur porro modi est. Ut et neque rerum ratione sunt vel ratione. Id magnam ullam aut voluptas aut et. Quisquam omnis alias praesentium dolor ratione vel suscipit vel. Consequatur perspiciatis culpa sequi dolores.',NULL,NULL,1873,'1970-05-06 15:55:38','2014-10-09 01:25:35'),(90,83,'Velit ab rerum veritatis est vero. Eum ut aut quo et. Et est non id. Quasi hic laborum impedit dolorem nostrum. Et ea alias quae fuga architecto velit in inventore.',NULL,NULL,3591,'1970-03-21 11:06:03','1982-07-21 00:32:08'),(91,7,'Harum sint placeat beatae commodi. Animi similique ea inventore. Ut quasi expedita nulla quam voluptates et.',NULL,NULL,2682,'2011-07-13 04:56:22','2005-12-29 02:09:06'),(92,45,'Ratione tenetur modi quae non deserunt ut. Ipsum sapiente rerum quam veniam magnam deleniti. Voluptas voluptatem aut est officia iusto quibusdam temporibus. Ea corporis beatae recusandae quas dolorum consequuntur.',NULL,NULL,98,'1989-05-27 10:40:25','2014-02-16 09:57:39'),(93,14,'Nisi nam dolorum rerum et minus officia atque. Nulla cupiditate accusantium qui praesentium.',NULL,NULL,858867291,'2006-04-11 11:59:54','1986-07-06 12:57:52'),(94,52,'Corporis totam quo culpa. Necessitatibus omnis inventore illo numquam eveniet. Maxime et ut in sunt enim corrupti excepturi.',NULL,NULL,993690,'1991-03-15 14:56:20','2010-10-13 22:29:10'),(95,29,'Quisquam dolor culpa est totam non. Ullam explicabo rerum necessitatibus fugit. Minima sit est enim porro blanditiis ea. Aut placeat ea tenetur aut dolorum vel.',NULL,NULL,359,'1993-05-21 19:20:58','2017-01-15 18:56:29'),(96,24,'Nesciunt officia laborum quas reprehenderit distinctio voluptates ea. Delectus dolores nemo aut sint itaque vel. Natus labore quasi accusamus corrupti cum architecto ab omnis.',NULL,NULL,635,'1985-10-26 05:37:22','1978-11-15 23:59:44'),(97,48,'Quod in eos expedita fuga voluptatibus. Ipsam fugit et soluta ut eveniet et vel. Ut aut consequuntur quia aut quia.',NULL,NULL,81125047,'1998-04-13 15:58:30','2001-04-08 22:43:29'),(98,5,'Nam non eos aut cumque soluta. Odio eos occaecati architecto quasi. Id voluptatum iusto hic facilis praesentium. Soluta rem aperiam sit autem sed exercitationem.',NULL,NULL,936,'1974-02-01 00:25:49','1985-06-16 11:24:16'),(99,33,'Laborum harum mollitia ratione qui. Numquam necessitatibus et a. Culpa aut repellendus commodi molestiae animi asperiores. Recusandae illo ducimus quas labore nostrum.',NULL,NULL,0,'2004-05-04 10:34:56','1989-05-04 12:35:27'),(100,84,'Harum quis et quas eos qui esse. Illo dolorem consequuntur quibusdam nihil cupiditate. Repudiandae vero vel quo rerum. Hic natus officia quis.',NULL,NULL,65211483,'2020-01-27 06:34:54','1975-08-23 10:17:25');
/*!40000 ALTER TABLE `posts` ENABLE KEYS */;
UNLOCK TABLES;

--
-- Table structure for table `settings`
--

DROP TABLE IF EXISTS `settings`;
/*!40101 SET @saved_cs_client     = @@character_set_client */;
/*!50503 SET character_set_client = utf8mb4 */;
CREATE TABLE `settings` (
  `user_id` bigint unsigned NOT NULL AUTO_INCREMENT,
  `can_see` enum('all','friends_of_friends','friends','nobody') DEFAULT NULL,
  `can_comment` enum('all','friends_of_friends','friends','nobody') DEFAULT NULL,
  `can_message` enum('all','friends_of_friends','friends','nobody') DEFAULT NULL,
  PRIMARY KEY (`user_id`),
  UNIQUE KEY `user_id` (`user_id`),
  CONSTRAINT `settings_ibfk_1` FOREIGN KEY (`user_id`) REFERENCES `users` (`id`)
) ENGINE=InnoDB AUTO_INCREMENT=101 DEFAULT CHARSET=utf8mb4 COLLATE=utf8mb4_0900_ai_ci;
/*!40101 SET character_set_client = @saved_cs_client */;

--
-- Dumping data for table `settings`
--

LOCK TABLES `settings` WRITE;
/*!40000 ALTER TABLE `settings` DISABLE KEYS */;
INSERT INTO `settings` VALUES (1,'friends','nobody','all'),(2,'all','all','friends_of_friends'),(3,'nobody','friends','nobody'),(4,'friends_of_friends','friends','friends'),(5,'all','friends_of_friends','friends_of_friends'),(6,'nobody','all','friends_of_friends'),(7,'nobody','friends','friends_of_friends'),(8,'all','friends','nobody'),(9,'friends','all','nobody'),(10,'friends_of_friends','all','nobody'),(11,'all','friends','friends'),(12,'all','friends_of_friends','friends'),(13,'nobody','nobody','friends'),(14,'friends_of_friends','friends_of_friends','friends_of_friends'),(15,'friends','friends_of_friends','all'),(16,'nobody','nobody','friends'),(17,'friends_of_friends','all','nobody'),(18,'nobody','friends','all'),(19,'friends','nobody','all'),(20,'nobody','all','friends'),(21,'friends_of_friends','all','all'),(22,'friends_of_friends','all','friends_of_friends'),(23,'friends_of_friends','all','friends_of_friends'),(24,'nobody','friends','all'),(25,'nobody','friends','friends'),(26,'all','friends_of_friends','friends_of_friends'),(27,'friends_of_friends','friends_of_friends','all'),(28,'all','friends_of_friends','friends_of_friends'),(29,'friends','nobody','nobody'),(30,'friends','friends','nobody'),(31,'friends','nobody','friends'),(32,'friends_of_friends','nobody','all'),(33,'nobody','nobody','nobody'),(34,'friends','all','all'),(35,'friends_of_friends','friends_of_friends','nobody'),(36,'all','friends_of_friends','nobody'),(37,'friends_of_friends','friends','nobody'),(38,'all','nobody','nobody'),(39,'friends','nobody','nobody'),(40,'friends','nobody','friends_of_friends'),(41,'friends','friends','all'),(42,'friends','all','friends'),(43,'friends_of_friends','all','all'),(44,'all','all','nobody'),(45,'friends','nobody','friends'),(46,'friends_of_friends','nobody','all'),(47,'friends','nobody','friends_of_friends'),(48,'nobody','friends','friends_of_friends'),(49,'all','friends_of_friends','friends_of_friends'),(50,'friends_of_friends','all','nobody'),(51,'friends_of_friends','friends_of_friends','friends_of_friends'),(52,'all','all','friends_of_friends'),(53,'nobody','nobody','friends_of_friends'),(54,'friends_of_friends','all','all'),(55,'nobody','friends','all'),(56,'all','all','nobody'),(57,'friends_of_friends','friends','all'),(58,'friends_of_friends','all','friends'),(59,'nobody','all','all'),(60,'friends_of_friends','nobody','nobody'),(61,'friends','all','nobody'),(62,'nobody','all','friends_of_friends'),(63,'all','friends','all'),(64,'friends_of_friends','all','friends'),(65,'friends_of_friends','friends_of_friends','friends'),(66,'friends','nobody','all'),(67,'friends','nobody','friends_of_friends'),(68,'nobody','friends','friends'),(69,'nobody','friends_of_friends','all'),(70,'friends','nobody','friends'),(71,'all','friends_of_friends','all'),(72,'all','all','friends_of_friends'),(73,'friends_of_friends','friends_of_friends','friends_of_friends'),(74,'friends_of_friends','friends_of_friends','all'),(75,'nobody','friends_of_friends','all'),(76,'all','all','nobody'),(77,'friends','friends_of_friends','all'),(78,'friends_of_friends','friends','friends_of_friends'),(79,'friends','nobody','friends'),(80,'friends_of_friends','nobody','friends'),(81,'nobody','friends','friends'),(82,'friends','all','friends_of_friends'),(83,'nobody','friends_of_friends','friends'),(84,'friends','friends','friends_of_friends'),(85,'nobody','all','friends'),(86,'all','nobody','nobody'),(87,'all','friends_of_friends','all'),(88,'friends_of_friends','friends_of_friends','nobody'),(89,'nobody','all','friends_of_friends'),(90,'friends','friends_of_friends','nobody'),(91,'friends','nobody','friends'),(92,'friends_of_friends','friends_of_friends','nobody'),(93,'nobody','nobody','nobody'),(94,'nobody','friends','friends'),(95,'friends','nobody','friends_of_friends'),(96,'nobody','all','all'),(97,'nobody','all','friends'),(98,'nobody','friends_of_friends','nobody'),(99,'nobody','all','all'),(100,'friends','all','all');
/*!40000 ALTER TABLE `settings` ENABLE KEYS */;
UNLOCK TABLES;

--
-- Table structure for table `users`
--

DROP TABLE IF EXISTS `users`;
/*!40101 SET @saved_cs_client     = @@character_set_client */;
/*!50503 SET character_set_client = utf8mb4 */;
CREATE TABLE `users` (
  `id` bigint unsigned NOT NULL AUTO_INCREMENT,
  `firstname` varchar(50) DEFAULT NULL,
  `lastname` varchar(50) DEFAULT NULL COMMENT ' ',
  `email` varchar(120) DEFAULT NULL,
  `phone` varchar(20) DEFAULT NULL,
  `birtday` date DEFAULT NULL,
  `hometown` varchar(100) DEFAULT NULL,
  `gender` char(1) DEFAULT NULL,
  `photo_id` bigint unsigned DEFAULT NULL,
  `created_at` datetime DEFAULT CURRENT_TIMESTAMP,
  `pass` char(30) DEFAULT NULL,
  PRIMARY KEY (`id`),
  UNIQUE KEY `id` (`id`),
  UNIQUE KEY `email` (`email`),
  UNIQUE KEY `phone` (`phone`),
  KEY `phone_2` (`phone`),
  KEY `users_firstname_lastname_idx` (`firstname`,`lastname`)
) ENGINE=InnoDB AUTO_INCREMENT=101 DEFAULT CHARSET=utf8mb4 COLLATE=utf8mb4_0900_ai_ci;
/*!40101 SET character_set_client = @saved_cs_client */;

--
-- Dumping data for table `users`
--

LOCK TABLES `users` WRITE;
/*!40000 ALTER TABLE `users` DISABLE KEYS */;
INSERT INTO `users` VALUES (1,'Kirill','Mertz','kirill.miller@example.com','771-826-9512','1979-05-19','Quitzonton','M',8,'2008-10-01 19:54:25','bae2e30fc4c3f82cbbb1e996149fc2'),(2,'Jay','Ernser','edythe.kerluke@example.com','570-262-8747x863','1978-09-28','West Tyra','M',8,'1997-07-12 02:33:57','67f6c4db7c06ab88536a23aac1f065'),(3,'Erik','Mertz','harrison.miller@example.com','771-026-9512','1976-05-19','Quitzonton','F',8,'2008-10-01 19:54:25','bae2e30fc4c3f82cbbb1e996149fc2'),(4,'Savanah','Rempel','valentina72@example.net','(580)887-1826x06161','1984-12-09','Trentfurt','F',3,'1978-08-03 06:46:36','e0d7bcf4e7984cb74e08b17c00c4a4'),(5,'Sophia','Predovic','lschumm@example.net','1-508-386-8383x6108','1989-05-11','Brandiberg','F',8,'1985-04-26 04:45:15','8c885b559a0d7647eb58ee4b1b158b'),(6,'Stella','Kessler','fred95@example.com','(920)394-6975x152','1983-03-13','Lake Sibyl','M',3,'1980-11-13 13:33:26','07037e3ba32584fbe9eca49ba3f02b'),(7,'Pearl','Grimes','mgoyette@example.com','806.818.4339x9425','2020-04-12','Lake Eribertobury','M',5,'2002-04-09 03:23:41','0bdfd0f86ed6c32a25cccfc9575acb'),(8,'Brenda','West','harvey51@example.com','292-624-4437','2015-10-16','Lilyantown','M',5,'2013-01-26 15:56:45','5ec6653d6aa4773f62e0e32af7cf5c'),(9,'Keely','Orn','alexandra21@example.net','+55(9)5635493702','2007-01-03','South Mellieburgh','M',9,'1996-12-02 07:25:48','40e4a62621ecede3e2fb5b8f991e91'),(10,'Quinn','Dickens','wreilly@example.net','235-921-7252x791','2006-11-12','Karsonville','F',9,'2003-06-16 11:42:57','925ef9bdee7def61544304daa7ff0a'),(11,'Joshuah','Graham','aufderhar.roxane@example.org','1-113-645-4086x3884','2018-11-06','Hoytberg','M',5,'1989-06-14 12:48:45','1197594f7024f2de3faf47eed6145b'),(12,'Tara','Satterfield','kris.cristopher@example.org','535-725-9672','2016-07-15','Rippinfort','M',1,'2017-04-10 01:31:50','7fe117b73a3ecfe7cb94c3f9653e81'),(13,'Oscar','Steuber','monty.hand@example.com','438.753.8473x11833','2017-07-29','Jarredberg','F',2,'2016-08-09 05:48:42','e9f76d980472c948b7b8af55bc474a'),(14,'Icie','Donnelly','bennett.tillman@example.org','(717)129-4091x15837','1974-12-06','Mckennafurt','M',9,'2003-09-27 19:07:47','75576beaa4e012e02e2e89ad423065'),(15,'Humberto','Kunde','erna12@example.com','1-828-494-4067x1034','1982-02-23','South Liza','M',9,'1986-01-24 04:04:35','a3d1e3ed4e050d0579bb1b93d0342d'),(16,'Marques','Casper','bret.marks@example.com','04043950244','2006-10-12','Rutherfordmouth','F',4,'1973-07-05 17:17:03','e2db996ff9b6fb019ef860c1968f6c'),(17,'Salma','White','claudia.gutmann@example.net','274-050-2608x6196','1986-07-20','South Willis','M',3,'1971-07-24 02:18:56','7bcb0d3fbdf10022f06ac16c5fa0ea'),(18,'Edwina','Bosco','cristobal97@example.org','361-309-1937','2003-10-27','Lake Terrychester','M',6,'2006-11-14 10:30:44','7353572266782e84b250387aeab783'),(19,'Lon','Gleichner','ruth16@example.com','104-154-2094x045','1970-07-13','North Mertieville','F',7,'1980-10-31 16:11:36','ede1d95f404c40b405e94b147c7b3f'),(20,'Murphy','Johnston','ykling@example.com','1-209-236-0909x41809','2014-10-04','Port Tavaresshire','F',2,'1987-02-08 11:35:08','e01a549fa9cd30741274b237e23ddf'),(21,'Sadye','Wilderman','dveum@example.com','(101)857-4078x428','1997-08-30','South Ophelia','F',8,'2014-11-09 04:40:10','842e9c30cf7cd5552048995c5fc1eb'),(22,'Mckenzie','O\'Connell','mitchell.noe@example.org','568.678.1712x477','1972-08-04','Gislasonton','F',5,'2001-04-22 07:12:36','a81120bd90d7e0956a1fef5865a88c'),(23,'Frederik','Blanda','cathryn89@example.com','073.236.6233x541','1981-09-10','South Kathrynmouth','M',6,'1985-03-22 11:13:51','c51df5ff76492a9a0acb60b18cdb3f'),(24,'Shad','Donnelly','enola08@example.org','214-630-4261','1975-02-24','New Janieview','F',4,'2003-07-08 21:09:14','ba14342f20edfe9b0fde048c8784c3'),(25,'Abigale','Balistreri','kauer@example.net','(120)408-4735x94104','1972-07-03','North Justiceborough','M',5,'1972-11-08 04:53:05','87d0c8be1c0671fdd6dd9aaa682b0b'),(26,'Lourdes','Bartoletti','ivah.white@example.com','484-268-1049x69205','1999-02-22','Lake Carsonmouth','M',7,'2018-02-06 14:20:18','95689668c57f1662bfab4f056b1ff6'),(27,'Letha','Romaguera','okuneva.america@example.com','202-678-3154','2002-09-12','East Alexysview','M',9,'1996-02-10 18:16:31','073fe86e07be219460722c19dc2f6b'),(28,'Paul','Doyle','kali.smith@example.net','1-239-613-3221x7674','1978-09-06','Nikolauschester','F',1,'1991-02-13 19:34:48','da789bfaa0c9b02247a8a0dd70680f'),(29,'Trent','Terry','parisian.kamille@example.com','(929)603-5780x950','2014-08-07','East Adolphusbury','F',7,'1989-04-30 23:39:05','92e9f791c711536fd318305c9ace74'),(30,'Ubaldo','Renner','whitney.walsh@example.net','565-863-9740','1993-07-30','Moisesside','M',7,'2008-02-15 15:26:25','adff00e14a51d8fd2fb41c231706d5'),(31,'Matilde','Conroy','ruth.mertz@example.com','246.699.0789','2012-12-04','South Madalyn','M',6,'2000-10-23 23:16:43','0994b2f1f1909f39467a14635da712'),(32,'Ana','Kilback','javonte.dicki@example.org','069-979-3892','1975-01-22','Sipesborough','M',1,'2011-07-26 20:03:20','118a0368aba90289bab4f9f2614690'),(33,'Verdie','Sawayn','nparker@example.net','039-200-8278','1986-05-09','East Aldenfurt','M',9,'2010-04-26 11:15:49','49447e6803a2eddaf97589b066e2ac'),(34,'Leanne','Haag','xstoltenberg@example.org','321.794.9202x4272','1982-06-04','Lake Destiney','M',6,'2018-04-07 11:21:21','80b2e464a1001f628c001fbcc2c3cb'),(35,'Savannah','Hilll','barton.nikki@example.net','(550)844-3836','1972-05-25','Port Mathilde','M',9,'1996-02-07 15:49:26','fe7575ba39a095c2b8be37e7459daf'),(36,'Emanuel','Heathcote','nmurray@example.net','728.978.5797x6658','2005-07-20','East Monserrateport','M',4,'1986-01-03 06:53:27','e83aeefea8ee8d0860e3027afed9d5'),(37,'Stacey','O\'Kon','haley.bobby@example.org','1-425-173-3080x2584','2018-10-05','Lake Gerardotown','F',9,'1998-04-24 19:48:22','1321b3d485a0bc585a66ef6cb90dc1'),(38,'Amira','Berge','arlo.herzog@example.org','753.058.8793x45001','1995-08-18','South Esperanzaland','F',2,'2012-04-28 19:59:17','061600aea0317c2c7e838abaa9ccab'),(39,'Rose','Schowalter','deckow.jasper@example.org','831.875.6603x054','1984-09-26','Dietrichshire','F',3,'1984-04-05 21:40:41','5461d38b254792087b3e6dcaa45749'),(40,'Braulio','Abbott','lolita.hane@example.com','(637)143-9163','2000-10-17','North Kaelynshire','M',8,'1979-04-28 08:42:59','2ab879bd803a3c1e121b7e42f8a8d4'),(41,'Shanel','Rogahn','acruickshank@example.net','707-012-5753x15076','2013-04-25','East Jesseburgh','F',6,'1990-08-05 05:03:02','cfb5a7cf06d85f62c6f7b7e9348435'),(42,'Hans','Pfannerstill','brakus.blaze@example.com','1-838-708-8939x5060','2008-12-28','South Hazel','M',8,'2015-06-08 21:19:52','1e0d6b303c2592f24b6ff7b0bd408f'),(43,'Randi','Pfannerstill','dietrich.maci@example.com','(494)105-6552','1979-03-22','Lake Aubree','M',2,'1972-11-25 05:10:40','a914db6c422b723ce2df875baed961'),(44,'Adaline','Labadie','onikolaus@example.org','253.866.4686x0206','1991-05-11','Keeblermouth','F',2,'2009-04-30 18:00:52','bd0456b70c6d0bf259530b68ddaefc'),(45,'Berenice','Stark','reinger.cheyenne@example.org','03810138866','2013-08-23','Port Anita','F',1,'2016-10-07 16:14:28','80494328a787069480c475b2072343'),(46,'Carroll','Lubowitz','sporer.chanelle@example.org','1-416-382-9553x527','2002-07-04','Caryberg','F',9,'1994-05-12 23:28:14','f6e79ce2c5254374d7bbf894bd4606'),(47,'Leonora','Bogan','raul.stehr@example.net','(220)978-2036','2006-10-29','Hermanshire','M',4,'2010-10-12 20:28:57','b65716ec04a148109791a36e10691c'),(48,'Keyshawn','Ward','hwhite@example.org','1-581-376-6673x57173','1986-08-19','West Davin','M',2,'2005-07-06 20:00:12','6a610cc170622fd12934d54528da27'),(49,'Jermain','Jacobson','goyette.willow@example.com','1-122-184-4012','2010-03-03','Port Laila','F',4,'1973-02-09 04:03:08','af48bc18def0546af05d4877fe1289'),(50,'Jorge','McGlynn','vernice72@example.org','664-401-0960','2004-05-03','East Aidamouth','M',9,'1972-03-18 09:39:28','1af360ebce4aebb825fcdf4a9edef5'),(51,'Geovanni','Hammes','braden69@example.org','1-880-347-8851x822','2019-01-01','Lake Maudie','F',8,'2015-09-08 23:13:43','b41a55cf764c76917d70d1c5a2f8a9'),(52,'Howard','Schaden','koelpin.angie@example.com','361-643-0627x18879','2009-12-28','Queenieport','F',6,'2006-02-05 00:59:46','d1876a85d376fc0ae75bf7d02f343f'),(53,'Hassie','Block','hyatt.abagail@example.net','1-478-944-0250x987','2010-07-04','New Jamarcusstad','M',2,'1997-07-24 18:24:59','4cd42c6ad7f62228bcc36b7a548431'),(54,'Tabitha','Collier','taylor.morissette@example.net','280-806-6187','2015-12-09','Kuvalisport','F',7,'1993-11-18 23:48:12','3b907265cf5c9b3dd8d0d5938900e2'),(55,'Stewart','Beier','bayer.reina@example.com','146.326.1148','1986-05-04','Quitzontown','M',4,'1974-04-19 07:24:41','5e8d32c98cd35c73d009517df2af80'),(56,'Lacey','Predovic','scasper@example.com','031.435.5975x826','2015-02-28','Elmirachester','F',4,'2001-09-23 10:15:40','c25214a89d9c8395b48351b762a6db'),(57,'Mariana','Mraz','vhegmann@example.net','(502)455-7631x86273','1973-04-11','Abdulborough','M',3,'2019-11-05 07:57:10','be28b331d1ba6086977b0aef8222c8'),(58,'Georgianna','Schroeder','gklein@example.org','(475)447-8510x0597','1986-12-02','West Landen','M',8,'1999-08-29 18:17:32','bf2ce55862133523d8113eed17e7e5'),(59,'Daphney','Hahn','rosalia.effertz@example.com','(727)538-2762x63669','1999-12-31','Lake Enricomouth','M',5,'1993-07-03 18:53:22','dfc394748e216d10a635c3d905e025'),(60,'Kylie','Rippin','zmcdermott@example.net','1-184-366-8685x39766','2007-07-07','Lubowitzmouth','M',4,'2004-10-31 15:10:10','40037eda07efe9ce7f14db50990928'),(61,'Jamal','Waters','willy.moore@example.net','969-018-4717x076','1996-06-15','East Jarvis','M',4,'2017-11-20 04:59:57','4301dde81f7ae4bd2022389cae365f'),(62,'Josianne','Wilderman','kayleigh93@example.com','+35(1)7980294785','1999-02-28','Jaquelinhaven','F',1,'1990-03-22 05:26:51','9bddeab5ccdf450929d56b0fc06823'),(63,'Jaron','Hodkiewicz','wilfrid79@example.org','(255)974-3301','1994-06-17','Fayview','F',1,'2011-01-09 03:17:34','5bcb4462ad5a21c0b47f910e75108f'),(64,'Delta','Kilback','langosh.nannie@example.org','(093)426-1025','1998-08-30','Rempeltown','M',6,'2011-02-12 16:45:48','baf9255bf8d087c75ca240d269187b'),(65,'Novella','Reichel','lgleason@example.net','(781)381-0189x35954','1977-08-08','Wardport','M',1,'1974-08-06 18:31:22','5c6f1f26a06a8c5a3c6abca85df2f2'),(66,'Hollis','Konopelski','hadley46@example.org','902-572-5389','2015-03-25','Elmostad','F',1,'2019-01-03 07:12:45','0a601a75839cd10f2cbe2392e380d4'),(67,'Everette','Boehm','jconnelly@example.com','750-830-0004','2018-07-31','Christianaton','F',3,'2004-08-05 23:25:08','2868f30410fddbdea5e89a2b0cee06'),(68,'Reggie','Luettgen','giuseppe.vandervort@example.org','(830)940-0613','1990-05-28','Tremblaybury','M',8,'1999-07-06 01:56:40','721eb5333cfc029f2d6dda6592b3d6'),(69,'Eulalia','VonRueden','noble05@example.net','(576)509-3830x190','1976-09-28','Jenkinsville','F',8,'2013-08-25 05:05:30','5fabda9dd325c915302d4023850bac'),(70,'Derrick','Batz','harvey.dibbert@example.net','01118045370','2014-09-23','Corwinberg','F',2,'1983-04-14 09:44:52','c4eef3b22adc34238e9bf1daa7168d'),(71,'Sarina','Rohan','ozella.bernier@example.net','1-408-302-8540','1971-12-22','Reidport','M',3,'1989-05-14 08:14:12','cd05e1f9cde46c08a4c5a94265cc02'),(72,'Trever','Konopelski','jason.wisoky@example.net','798-483-0202','1973-05-11','Thaddeuston','M',5,'1973-03-15 21:07:54','4b6eea2b80544399b25ae5646260f2'),(73,'Raoul','Macejkovic','huel.arturo@example.net','+35(8)8099478417','1993-02-07','East Darien','M',6,'2019-03-23 07:35:27','bcfdbd908e47d41140f7751e9e5af3'),(74,'Shakira','Lueilwitz','drunte@example.net','00452118808','1982-11-23','Robelberg','M',9,'1985-06-24 08:01:46','c4f9f09b3084120a4922420c0c6150'),(75,'Timothy','Nolan','umedhurst@example.org','06829135021','1985-08-08','Port Eudora','F',7,'1997-07-17 12:17:39','2bb26be75c4903b33b68624c68bfe1'),(76,'Camilla','Koelpin','cassin.dagmar@example.com','(753)611-5965x5404','2009-10-04','New Burdette','F',6,'1980-01-15 16:15:05','553337c8effb93bff3ee122646928f'),(77,'Josefina','Kertzmann','gsanford@example.org','+83(3)3315593302','2017-08-07','West Gunnerstad','F',5,'2008-01-04 15:59:10','b483c0d14674e56336b10939f18763'),(78,'Lucy','Ruecker','jedediah61@example.org','1-864-959-4934','1970-02-05','Kiehntown','M',4,'1985-02-19 20:20:09','cfea2dd765ff3a3c929a72d76eceff'),(79,'Jaunita','Johnson','anabel70@example.org','(418)455-7621x768','1978-07-02','Prosaccoton','F',9,'1994-07-01 19:23:39','f78a9ed56a1adf53ed33bb2fd0ceaa'),(80,'Guiseppe','Bednar','myrtie54@example.net','1-056-569-0612x964','2015-02-16','Russellmouth','F',9,'1981-08-04 15:13:45','167780b00c5e882d473085be984603'),(81,'Cristina','Cummerata','candace.macejkovic@example.org','1-743-600-2188','1992-03-13','West Luigi','M',5,'1992-09-26 22:04:54','edb348c2919e4b3e13cd2e8c666fa1'),(82,'Charlene','Rodriguez','daniela36@example.net','158.812.1235','1972-04-12','Okunevamouth','F',5,'2003-11-07 00:05:40','dcc75c43f9115938808cb465fcf159'),(83,'Savion','Macejkovic','jewel22@example.com','(758)621-1001','1987-09-09','Balistreriville','F',4,'1981-10-21 19:30:39','b8c91a6618edf588fa11bb10e910cc'),(84,'Lavon','Russel','esther.yost@example.net','762-922-8874x137','1984-03-23','East Maureenberg','M',4,'1991-04-08 08:26:43','80867bc91f7c27ea31ee07350f3c74'),(85,'Braeden','Ryan','heathcote.selina@example.net','322-299-7131x15502','1992-07-05','New Billiestad','F',5,'1974-06-30 15:49:13','5f26e3143523c947f5e983a09a2a93'),(86,'Ceasar','Lueilwitz','obarrows@example.org','731.931.2519x7116','1988-07-14','North Ethelynstad','M',3,'2000-08-30 23:51:02','c10b7d8454a32f777fc5f548f8c9e1'),(87,'Daniela','Anderson','runte.jakayla@example.net','928.154.1187x1825','1995-10-18','West Macyberg','F',5,'1988-07-05 09:26:54','b4999579a9cb24fbc699cadfca3b19'),(88,'Dahlia','Langworth','maeve29@example.net','+69(2)9181971831','2004-09-08','Lake Cruz','F',6,'1984-06-07 19:41:44','a4269c174668f5a1cc9773931a4b31'),(89,'Anya','Terry','upton.deonte@example.net','1-292-891-9577','1990-07-12','Gleichnerside','M',7,'2020-09-30 01:06:16','f87f9d98666f37cb00dc44ac9419c4'),(90,'Vicente','Thiel','jayson.williamson@example.org','978-470-2554','2015-08-14','West Ian','F',1,'1993-04-02 15:11:00','195bec7fe17052a328376cfc79a923'),(91,'Darlene','Farrell','pauline15@example.net','786.452.0216x651','2019-09-03','Doyleview','F',3,'1980-09-03 04:38:35','4798a6a5c28c8747d8e6f7a4cdb343'),(92,'Moshe','Stoltenberg','keagan.reynolds@example.net','584-453-9256x68476','1984-04-19','Port Opalberg','M',1,'1989-02-20 17:58:27','eff2591e1d3958daeda093cbd6743c'),(93,'Lenore','Schinner','aufderhar.jacklyn@example.org','813-384-0968x295','1976-03-28','New Junechester','F',8,'1977-06-22 00:34:52','0ff486af8821d2434b712aeed64506'),(94,'Paul','Casper','lheidenreich@example.net','1-023-202-4934x24173','2001-03-16','Lake Esperanza','F',7,'1970-07-30 20:02:42','c1c004a8e54bf66d6058dcc6dfa447'),(95,'Cassandre','Eichmann','kallie.o\'hara@example.org','879-836-3776x72596','1990-07-07','West Fredport','F',5,'2000-01-06 04:20:26','0b28e4c4bebe5cdc30e2c4a186bbf3'),(96,'Nels','Kuhn','sthompson@example.net','1-560-982-3827','2017-08-20','West Kathleenside','M',9,'1999-10-24 23:31:50','f52d7be05ca2b147e560be31d56651'),(97,'Wilson','Murphy','kaden91@example.com','521.492.8502','2014-07-15','Vonshire','F',6,'1974-12-19 07:15:25','8f66999e87dcc7c0cff9cebdbd5c2e'),(98,'Rhianna','Sipes','percy.kuhn@example.org','830.755.3687x2517','1984-08-04','New Franciscamouth','M',1,'1980-07-09 02:47:10','646d3d06e76cb41aefa592228ead5c'),(99,'Angus','Schimmel','anibal18@example.com','579-710-5598x6375','1979-02-13','West Roselynstad','F',9,'1990-08-07 10:15:54','5af2692da784e0ba2f2e8adc13a088'),(100,'Margret','Paucek','ransom.boyle@example.net','707.806.7900','1976-06-13','Judahstad','M',1,'2002-11-02 04:28:27','81efa390ae70ad9b46d886e488bc1b');
/*!40000 ALTER TABLE `users` ENABLE KEYS */;
UNLOCK TABLES;

--
-- Table structure for table `users_communities`
--

DROP TABLE IF EXISTS `users_communities`;
/*!40101 SET @saved_cs_client     = @@character_set_client */;
/*!50503 SET character_set_client = utf8mb4 */;
CREATE TABLE `users_communities` (
  `user_id` bigint unsigned NOT NULL,
  `community_id` bigint unsigned NOT NULL,
  PRIMARY KEY (`user_id`,`community_id`),
  KEY `community_id` (`community_id`),
  CONSTRAINT `users_communities_ibfk_1` FOREIGN KEY (`user_id`) REFERENCES `users` (`id`),
  CONSTRAINT `users_communities_ibfk_2` FOREIGN KEY (`community_id`) REFERENCES `communities` (`id`)
) ENGINE=InnoDB DEFAULT CHARSET=utf8mb4 COLLATE=utf8mb4_0900_ai_ci;
/*!40101 SET character_set_client = @saved_cs_client */;

--
-- Dumping data for table `users_communities`
--

LOCK TABLES `users_communities` WRITE;
/*!40000 ALTER TABLE `users_communities` DISABLE KEYS */;
INSERT INTO `users_communities` VALUES (29,1),(81,1),(92,1),(10,3),(70,3),(41,4),(87,6),(21,7),(46,9),(56,9),(23,13),(44,14),(65,14),(23,16),(1,17),(75,18),(85,18),(33,19),(58,21),(76,25),(57,26),(58,27),(79,29),(82,31),(41,33),(19,34),(84,34),(9,38),(37,38),(91,38),(46,40),(53,40),(49,41),(67,41),(82,42),(50,43),(84,43),(70,44),(3,45),(71,46),(72,47),(92,47),(29,48),(40,48),(43,48),(64,51),(9,52),(57,52),(81,54),(63,56),(87,56),(42,57),(31,58),(52,61),(1,65),(2,65),(61,67),(11,68),(24,68),(48,68),(18,69),(69,71),(72,71),(99,73),(41,75),(19,76),(38,76),(64,76),(91,78),(44,79),(29,80),(98,80),(81,81),(70,82),(84,82),(91,82),(62,83),(87,83),(89,85),(94,85),(24,88),(7,89),(43,90),(60,90),(93,90),(11,91),(59,91),(65,91),(76,92),(15,93),(29,93),(61,93),(20,94),(43,94),(80,94),(19,95),(8,96),(58,96),(37,99),(71,99);
/*!40000 ALTER TABLE `users_communities` ENABLE KEYS */;
UNLOCK TABLES;
/*!40103 SET TIME_ZONE=@OLD_TIME_ZONE */;

/*!40101 SET SQL_MODE=@OLD_SQL_MODE */;
/*!40014 SET FOREIGN_KEY_CHECKS=@OLD_FOREIGN_KEY_CHECKS */;
/*!40014 SET UNIQUE_CHECKS=@OLD_UNIQUE_CHECKS */;
/*!40101 SET CHARACTER_SET_CLIENT=@OLD_CHARACTER_SET_CLIENT */;
/*!40101 SET CHARACTER_SET_RESULTS=@OLD_CHARACTER_SET_RESULTS */;
/*!40101 SET COLLATION_CONNECTION=@OLD_COLLATION_CONNECTION */;
/*!40111 SET SQL_NOTES=@OLD_SQL_NOTES */;

-- Dump completed on 2020-11-09 18:06:14
